ISO-10303-21;
HEADER;
FILE_DESCRIPTION(('STEP AP203'),'1');
FILE_NAME('pcb_smafra_ht.stp','2026-04-22T13:10:42',('TraceParts'),('TraceParts S.A.S.'),'Spatial InterOp 3D',' ',' ');
FILE_SCHEMA(('CONFIG_CONTROL_DESIGN'));
ENDSEC;
DATA;
#1=DESIGN_CONTEXT('',#28,'design');
#2=APPLICATION_PROTOCOL_DEFINITION('INTERNATIONAL STANDARD','config_control_design',1994,#28);
#3=PRODUCT_CATEGORY_RELATIONSHIP('NONE','NONE',#29,#30);
#4=DATE_AND_TIME(#31,#32);
#5=DATE_TIME_ROLE('creation_date');
#6=DATE_TIME_ROLE('classification_date');
#7=PERSON_AND_ORGANIZATION_ROLE('creator');
#8=PERSON_AND_ORGANIZATION_ROLE('design_supplier');
#9=PERSON_AND_ORGANIZATION_ROLE('classification_officer');
#10=PERSON_AND_ORGANIZATION_ROLE('design_owner');
#11=APPROVAL_PERSON_ORGANIZATION(#33,#34,#35);
#12=APPROVAL_DATE_TIME(#4,#34);
#13=CC_DESIGN_APPROVAL(#34,(#36,#37,#38));
#14=CC_DESIGN_DATE_AND_TIME_ASSIGNMENT(#4,#5,(#38));
#15=CC_DESIGN_DATE_AND_TIME_ASSIGNMENT(#4,#6,(#36));
#16=CC_DESIGN_PERSON_AND_ORGANIZATION_ASSIGNMENT(#33,#10,(#39));
#17=CC_DESIGN_PERSON_AND_ORGANIZATION_ASSIGNMENT(#33,#7,(#38));
#18=CC_DESIGN_PERSON_AND_ORGANIZATION_ASSIGNMENT(#33,#7,(#37));
#19=CC_DESIGN_PERSON_AND_ORGANIZATION_ASSIGNMENT(#33,#8,(#37));
#20=CC_DESIGN_SECURITY_CLASSIFICATION(#36,(#37));
#21=CC_DESIGN_PERSON_AND_ORGANIZATION_ASSIGNMENT(#33,#9,(#36));
#22=SHAPE_DEFINITION_REPRESENTATION(#40,#41);
#23=SHAPE_DEFINITION_REPRESENTATION(#40,#42);
#24= (GEOMETRIC_REPRESENTATION_CONTEXT(3)GLOBAL_UNCERTAINTY_ASSIGNED_CONTEXT((#45))GLOBAL_UNIT_ASSIGNED_CONTEXT((#47,#48,#49))REPRESENTATION_CONTEXT('NONE','WORKSPACE'));
#28=APPLICATION_CONTEXT('CONFIGURATION CONTROLLED 3D DESIGNS OF MECHANICAL PARTS AND ASSEMBLIES');
#29=PRODUCT_CATEGORY('part','NONE');
#30=PRODUCT_RELATED_PRODUCT_CATEGORY('detail',' ',(#39));
#31=CALENDAR_DATE(2026,22,3);
#32=LOCAL_TIME(15,10,42.0,#51);
#33=PERSON_AND_ORGANIZATION(#52,#53);
#34=APPROVAL(#54,'SOLID MODEL');
#35=APPROVAL_ROLE('APPROVED');
#36=SECURITY_CLASSIFICATION('','',#55);
#37=PRODUCT_DEFINITION_FORMATION_WITH_SPECIFIED_SOURCE(' ','NONE',#39,.NOT_KNOWN.);
#38=PRODUCT_DEFINITION('','NONE',#37,#1);
#39=PRODUCT('1','','PART--DESC',(#56));
#40=PRODUCT_DEFINITION_SHAPE('NONE','NONE',#38);
#41=ADVANCED_BREP_SHAPE_REPRESENTATION('1',(#57,#58),#24);
#42=ADVANCED_BREP_SHAPE_REPRESENTATION('2',(#59,#60),#24);
#45=UNCERTAINTY_MEASURE_WITH_UNIT(LENGTH_MEASURE(1.0E-06),#47,'','');
#47= (CONVERSION_BASED_UNIT('MILLIMETRE',#63)LENGTH_UNIT()NAMED_UNIT(#66));
#48= (NAMED_UNIT(#68)PLANE_ANGLE_UNIT()SI_UNIT($,.RADIAN.));
#49= (NAMED_UNIT(#68)SOLID_ANGLE_UNIT()SI_UNIT($,.STERADIAN.));
#51=COORDINATED_UNIVERSAL_TIME_OFFSET(1,0,.AHEAD.);
#52=PERSON('','UNSPECIFIED',$,$,$,$);
#53=ORGANIZATION('UNSPECIFIED','UNSPECIFIED','UNSPECIFIED');
#54=APPROVAL_STATUS('approved');
#55=SECURITY_CLASSIFICATION_LEVEL('unclassified');
#56=MECHANICAL_CONTEXT('',#28,'mechanical');
#57=MANIFOLD_SOLID_BREP('1',#74);
#58=AXIS2_PLACEMENT_3D('',#75,#76,#77);
#59=MANIFOLD_SOLID_BREP('2',#78);
#60=AXIS2_PLACEMENT_3D('',#79,#80,#81);
#63=LENGTH_MEASURE_WITH_UNIT(LENGTH_MEASURE(1.0),#82);
#66=DIMENSIONAL_EXPONENTS(1.0,0.0,0.0,0.0,0.0,0.0,0.0);
#68=DIMENSIONAL_EXPONENTS(0.0,0.0,0.0,0.0,0.0,0.0,0.0);
#74=CLOSED_SHELL('',(#83,#84,#85,#86,#87,#88,#89,#90,#91,#92,#93,#94,#95,#96,#97,#98,#99,#100,#101,#102,#103,#104,#105,#106,#107,#108,#109,#110,#111,#112,#113,#114,#115,#116,#117,#118,#119,#120,#121,#122,#123,#124,#125));
#75=CARTESIAN_POINT('',(0.0,0.0,0.0));
#76=DIRECTION('',(0.0,0.0,1.0));
#77=DIRECTION('',(1.0,0.0,0.0));
#78=CLOSED_SHELL('',(#126,#127,#128,#129,#130,#131,#132,#133,#134,#135,#136,#137,#138,#139,#140,#141,#142,#143,#144,#145,#146,#147,#148,#149,#150,#151,#152,#153,#154,#155,#156,#157,#158,#159,#160,#161,#162,#163,#164,#165,#166,#167,#168,#169,#170));
#79=CARTESIAN_POINT('',(0.0,0.0,0.0));
#80=DIRECTION('',(0.0,0.0,1.0));
#81=DIRECTION('',(1.0,0.0,0.0));
#82= (NAMED_UNIT(#66)LENGTH_UNIT()SI_UNIT(.MILLI.,.METRE.));
#83=ADVANCED_FACE('',(#172),#173,.F.);
#84=ADVANCED_FACE('',(#174),#175,.T.);
#85=ADVANCED_FACE('',(#176),#177,.T.);
#86=ADVANCED_FACE('',(#178),#179,.T.);
#87=ADVANCED_FACE('',(#180),#181,.T.);
#88=ADVANCED_FACE('',(#182),#183,.T.);
#89=ADVANCED_FACE('',(#184),#185,.T.);
#90=ADVANCED_FACE('',(#186),#187,.T.);
#91=ADVANCED_FACE('',(#188),#189,.T.);
#92=ADVANCED_FACE('',(#190),#191,.T.);
#93=ADVANCED_FACE('',(#192),#193,.T.);
#94=ADVANCED_FACE('',(#194),#195,.T.);
#95=ADVANCED_FACE('',(#196),#197,.T.);
#96=ADVANCED_FACE('',(#198),#199,.T.);
#97=ADVANCED_FACE('',(#200),#201,.T.);
#98=ADVANCED_FACE('',(#202),#203,.T.);
#99=ADVANCED_FACE('',(#204),#205,.T.);
#100=ADVANCED_FACE('',(#206),#207,.T.);
#101=ADVANCED_FACE('',(#208),#209,.T.);
#102=ADVANCED_FACE('',(#210),#211,.F.);
#103=ADVANCED_FACE('',(#212,#213),#214,.T.);
#104=ADVANCED_FACE('',(#215,#216),#217,.T.);
#105=ADVANCED_FACE('',(#218),#219,.F.);
#106=ADVANCED_FACE('',(#220),#221,.T.);
#107=ADVANCED_FACE('',(#222),#223,.F.);
#108=ADVANCED_FACE('',(#224),#225,.T.);
#109=ADVANCED_FACE('',(#226),#227,.T.);
#110=ADVANCED_FACE('',(#228),#229,.F.);
#111=ADVANCED_FACE('',(#230),#231,.T.);
#112=ADVANCED_FACE('',(#232),#233,.F.);
#113=ADVANCED_FACE('',(#234),#235,.T.);
#114=ADVANCED_FACE('',(#236),#237,.F.);
#115=ADVANCED_FACE('',(#238),#239,.F.);
#116=ADVANCED_FACE('',(#240),#241,.F.);
#117=ADVANCED_FACE('',(#242),#243,.F.);
#118=ADVANCED_FACE('',(#244),#245,.F.);
#119=ADVANCED_FACE('',(#246),#247,.T.);
#120=ADVANCED_FACE('',(#248),#249,.T.);
#121=ADVANCED_FACE('',(#250),#251,.T.);
#122=ADVANCED_FACE('',(#252),#253,.T.);
#123=ADVANCED_FACE('',(#254),#255,.T.);
#124=ADVANCED_FACE('',(#256),#257,.T.);
#125=ADVANCED_FACE('',(#258),#259,.T.);
#126=ADVANCED_FACE('',(#260),#261,.T.);
#127=ADVANCED_FACE('',(#262),#263,.F.);
#128=ADVANCED_FACE('',(#264),#265,.F.);
#129=ADVANCED_FACE('',(#266),#267,.F.);
#130=ADVANCED_FACE('',(#268),#269,.T.);
#131=ADVANCED_FACE('',(#270),#271,.T.);
#132=ADVANCED_FACE('',(#272),#273,.T.);
#133=ADVANCED_FACE('',(#274),#275,.T.);
#134=ADVANCED_FACE('',(#276),#277,.T.);
#135=ADVANCED_FACE('',(#278),#279,.T.);
#136=ADVANCED_FACE('',(#280),#281,.T.);
#137=ADVANCED_FACE('',(#282),#283,.T.);
#138=ADVANCED_FACE('',(#284),#285,.T.);
#139=ADVANCED_FACE('',(#286),#287,.T.);
#140=ADVANCED_FACE('',(#288),#289,.T.);
#141=ADVANCED_FACE('',(#290),#291,.T.);
#142=ADVANCED_FACE('',(#292),#293,.T.);
#143=ADVANCED_FACE('',(#294),#295,.T.);
#144=ADVANCED_FACE('',(#296),#297,.T.);
#145=ADVANCED_FACE('',(#298),#299,.T.);
#146=ADVANCED_FACE('',(#300),#301,.T.);
#147=ADVANCED_FACE('',(#302,#303),#304,.F.);
#148=ADVANCED_FACE('',(#305),#306,.T.);
#149=ADVANCED_FACE('',(#307,#308),#309,.T.);
#150=ADVANCED_FACE('',(#310),#311,.T.);
#151=ADVANCED_FACE('',(#312),#313,.T.);
#152=ADVANCED_FACE('',(#314,#315),#316,.T.);
#153=ADVANCED_FACE('',(#317),#318,.F.);
#154=ADVANCED_FACE('',(#319),#320,.F.);
#155=ADVANCED_FACE('',(#321),#322,.F.);
#156=ADVANCED_FACE('',(#323),#324,.F.);
#157=ADVANCED_FACE('',(#325,#326),#327,.T.);
#158=ADVANCED_FACE('',(#328),#329,.F.);
#159=ADVANCED_FACE('',(#330),#331,.T.);
#160=ADVANCED_FACE('',(#332,#333),#334,.T.);
#161=ADVANCED_FACE('',(#335),#336,.T.);
#162=ADVANCED_FACE('',(#337),#338,.F.);
#163=ADVANCED_FACE('',(#339),#340,.F.);
#164=ADVANCED_FACE('',(#341),#342,.F.);
#165=ADVANCED_FACE('',(#343),#344,.T.);
#166=ADVANCED_FACE('',(#345),#346,.T.);
#167=ADVANCED_FACE('',(#347),#348,.T.);
#168=ADVANCED_FACE('',(#349),#350,.T.);
#169=ADVANCED_FACE('',(#351),#352,.T.);
#170=ADVANCED_FACE('',(#353),#354,.T.);
#172=FACE_OUTER_BOUND('',#355,.T.);
#173=CYLINDRICAL_SURFACE('',#356,1.9);
#174=FACE_OUTER_BOUND('',#357,.T.);
#175=CYLINDRICAL_SURFACE('',#358,0.625000000000001);
#176=FACE_OUTER_BOUND('',#359,.T.);
#177=CYLINDRICAL_SURFACE('',#360,0.625000000000001);
#178=FACE_OUTER_BOUND('',#361,.T.);
#179=PLANE('',#362);
#180=FACE_OUTER_BOUND('',#363,.T.);
#181=PLANE('',#364);
#182=FACE_OUTER_BOUND('',#365,.T.);
#183=PLANE('',#366);
#184=FACE_OUTER_BOUND('',#367,.T.);
#185=PLANE('',#368);
#186=FACE_OUTER_BOUND('',#369,.T.);
#187=PLANE('',#370);
#188=FACE_OUTER_BOUND('',#371,.T.);
#189=PLANE('',#372);
#190=FACE_OUTER_BOUND('',#373,.T.);
#191=PLANE('',#374);
#192=FACE_OUTER_BOUND('',#375,.T.);
#193=PLANE('',#376);
#194=FACE_OUTER_BOUND('',#377,.T.);
#195=PLANE('',#378);
#196=FACE_OUTER_BOUND('',#379,.T.);
#197=PLANE('',#380);
#198=FACE_OUTER_BOUND('',#381,.T.);
#199=PLANE('',#382);
#200=FACE_OUTER_BOUND('',#383,.T.);
#201=PLANE('',#384);
#202=FACE_OUTER_BOUND('',#385,.T.);
#203=PLANE('',#386);
#204=FACE_OUTER_BOUND('',#387,.T.);
#205=PLANE('',#388);
#206=FACE_OUTER_BOUND('',#389,.T.);
#207=PLANE('',#390);
#208=FACE_OUTER_BOUND('',#391,.T.);
#209=PLANE('',#392);
#210=FACE_OUTER_BOUND('',#393,.T.);
#211=CYLINDRICAL_SURFACE('',#394,1.9);
#212=FACE_OUTER_BOUND('',#395,.T.);
#213=FACE_BOUND('',#396,.T.);
#214=PLANE('',#397);
#215=FACE_OUTER_BOUND('',#398,.T.);
#216=FACE_BOUND('',#399,.T.);
#217=PLANE('',#400);
#218=FACE_OUTER_BOUND('',#401,.T.);
#219=PLANE('',#402);
#220=FACE_OUTER_BOUND('',#403,.T.);
#221=PLANE('',#404);
#222=FACE_OUTER_BOUND('',#405,.T.);
#223=PLANE('',#406);
#224=FACE_OUTER_BOUND('',#407,.T.);
#225=PLANE('',#408);
#226=FACE_OUTER_BOUND('',#409,.T.);
#227=PLANE('',#410);
#228=FACE_OUTER_BOUND('',#411,.T.);
#229=PLANE('',#412);
#230=FACE_OUTER_BOUND('',#413,.T.);
#231=PLANE('',#414);
#232=FACE_OUTER_BOUND('',#415,.T.);
#233=PLANE('',#416);
#234=FACE_OUTER_BOUND('',#417,.T.);
#235=PLANE('',#418);
#236=FACE_OUTER_BOUND('',#419,.T.);
#237=PLANE('',#420);
#238=FACE_OUTER_BOUND('',#421,.T.);
#239=PLANE('',#422);
#240=FACE_OUTER_BOUND('',#423,.T.);
#241=PLANE('',#424);
#242=FACE_OUTER_BOUND('',#425,.T.);
#243=PLANE('',#426);
#244=FACE_OUTER_BOUND('',#427,.T.);
#245=PLANE('',#428);
#246=FACE_OUTER_BOUND('',#429,.T.);
#247=PLANE('',#430);
#248=FACE_OUTER_BOUND('',#431,.T.);
#249=PLANE('',#432);
#250=FACE_OUTER_BOUND('',#433,.T.);
#251=PLANE('',#434);
#252=FACE_OUTER_BOUND('',#435,.T.);
#253=PLANE('',#436);
#254=FACE_OUTER_BOUND('',#437,.T.);
#255=PLANE('',#438);
#256=FACE_OUTER_BOUND('',#439,.T.);
#257=CONICAL_SURFACE('',#440,0.625000000000001,0.785398163397446);
#258=FACE_OUTER_BOUND('',#441,.T.);
#259=CONICAL_SURFACE('',#442,0.625000000000001,0.785398163397446);
#260=FACE_OUTER_BOUND('',#443,.T.);
#261=CYLINDRICAL_SURFACE('',#444,3.3);
#262=FACE_OUTER_BOUND('',#445,.T.);
#263=CYLINDRICAL_SURFACE('',#446,0.45);
#264=FACE_OUTER_BOUND('',#447,.T.);
#265=CYLINDRICAL_SURFACE('',#448,2.3);
#266=FACE_OUTER_BOUND('',#449,.T.);
#267=TOROIDAL_SURFACE('',#450,2.75,0.1);
#268=FACE_OUTER_BOUND('',#451,.T.);
#269=CYLINDRICAL_SURFACE('',#452,2.675);
#270=FACE_OUTER_BOUND('',#453,.T.);
#271=CYLINDRICAL_SURFACE('',#454,2.65);
#272=FACE_OUTER_BOUND('',#455,.T.);
#273=CYLINDRICAL_SURFACE('',#456,3.175);
#274=FACE_OUTER_BOUND('',#457,.T.);
#275=CYLINDRICAL_SURFACE('',#458,3.175);
#276=FACE_OUTER_BOUND('',#459,.T.);
#277=CYLINDRICAL_SURFACE('',#460,3.175);
#278=FACE_OUTER_BOUND('',#461,.T.);
#279=CYLINDRICAL_SURFACE('',#462,3.175);
#280=FACE_OUTER_BOUND('',#463,.T.);
#281=CYLINDRICAL_SURFACE('',#464,3.175);
#282=FACE_OUTER_BOUND('',#465,.T.);
#283=CYLINDRICAL_SURFACE('',#466,3.175);
#284=FACE_OUTER_BOUND('',#467,.T.);
#285=CYLINDRICAL_SURFACE('',#468,3.175);
#286=FACE_OUTER_BOUND('',#469,.T.);
#287=CYLINDRICAL_SURFACE('',#470,3.175);
#288=FACE_OUTER_BOUND('',#471,.T.);
#289=CYLINDRICAL_SURFACE('',#472,3.175);
#290=FACE_OUTER_BOUND('',#473,.T.);
#291=CYLINDRICAL_SURFACE('',#474,3.175);
#292=FACE_OUTER_BOUND('',#475,.T.);
#293=CYLINDRICAL_SURFACE('',#476,3.175);
#294=FACE_OUTER_BOUND('',#477,.T.);
#295=CYLINDRICAL_SURFACE('',#478,3.175);
#296=FACE_OUTER_BOUND('',#479,.T.);
#297=CYLINDRICAL_SURFACE('',#480,3.175);
#298=FACE_OUTER_BOUND('',#481,.T.);
#299=CYLINDRICAL_SURFACE('',#482,3.175);
#300=FACE_OUTER_BOUND('',#483,.T.);
#301=CYLINDRICAL_SURFACE('',#484,3.175);
#302=FACE_OUTER_BOUND('',#485,.T.);
#303=FACE_BOUND('',#486,.T.);
#304=PLANE('',#487);
#305=FACE_OUTER_BOUND('',#488,.T.);
#306=CYLINDRICAL_SURFACE('',#489,2.65);
#307=FACE_OUTER_BOUND('',#490,.T.);
#308=FACE_BOUND('',#491,.T.);
#309=PLANE('',#492);
#310=FACE_OUTER_BOUND('',#493,.T.);
#311=PLANE('',#494);
#312=FACE_OUTER_BOUND('',#495,.T.);
#313=CYLINDRICAL_SURFACE('',#496,2.675);
#314=FACE_OUTER_BOUND('',#497,.T.);
#315=FACE_BOUND('',#498,.T.);
#316=PLANE('',#499);
#317=FACE_OUTER_BOUND('',#500,.T.);
#318=(B_SPLINE_SURFACE(1,2,((#502,#503,#504,#505,#506,#507,#508,#509,#510,#511,#512,#513,#514,#515,#516,#517,#518,#519,#520,#521,#522,#523,#524,#525,#526,#527,#528,#529,#530,#531,#532,#533,#534,#535,#536,#537,#538,#539,#540,#541,#542,#543,#544,#545,#546,#547,#548,#549,#550,#551,#552,#553,#554,#555,#556,#557,#558,#559,#560,#561,#562,#563,#564,#565,#566,#567,#568,#569,#570,#571,#572,#573,#574,#575,#576,#577,#578,#579,#580,#581,#582,#583,#584,#585,#586,#587,#588,#589,#590,#591,#592,#593,#594,#595,#596,#597,#598),(#599,#600,#601,#602,#603,#604,#605,#606,#607,#608,#609,#610,#611,#612,#613,#614,#615,#616,#617,#618,#619,#620,#621,#622,#623,#624,#625,#626,#627,#628,#629,#630,#631,#632,#633,#634,#635,#636,#637,#638,#639,#640,#641,#642,#643,#644,#645,#646,#647,#648,#649,#650,#651,#652,#653,#654,#655,#656,#657,#658,#659,#660,#661,#662,#663,#664,#665,#666,#667,#668,#669,#670,#671,#672,#673,#674,#675,#676,#677,#678,#679,#680,#681,#682,#683,#684,#685,#686,#687,#688,#689,#690,#691,#692,#693,#694,#695)),.UNSPECIFIED.,.F.,.F.,.F.)B_SPLINE_SURFACE_WITH_KNOTS((2,2),(3,2,2,2,2,2,2,2,2,2,2,2,2,2,2,2,2,2,2,2,2,2,2,2,2,2,2,2,2,2,2,2,2,2,2,2,2,2,2,2,2,2,2,2,2,2,2,2,3),(0.0,1.0),(0.243920244672344,0.256410256410256,0.269230769230769,0.282051282051282,0.294871794871795,0.307692307692307,0.32051282051282,0.333333333333334,0.346153846153846,0.358974358974359,0.371794871794872,0.384615384615384,0.397435897435898,0.41025641025641,0.423076923076923,0.435897435897436,0.448717948717949,0.461538461538462,0.474358974358974,0.487179487179487,0.5,0.512820512820513,0.525641025641026,0.538461538461538,0.551282051282051,0.564102564102564,0.576923076923077,0.58974358974359,0.602564102564103,0.615384615384615,0.628205128205128,0.641025641025641,0.653846153846154,0.666666666666667,0.67948717948718,0.692307692307692,0.705128205128205,0.717948717948718,0.730769230769231,0.743589743589744,0.756410256410257,0.769230769230769,0.782051282051282,0.794871794871795,0.807692307692308,0.820512820512821,0.833333333333333,0.846153846153846,0.855362085169622),.UNSPECIFIED.)RATIONAL_B_SPLINE_SURFACE(((0.993270583777373,0.869479146213474,1.0,0.866025403784439,1.0,0.866025403784439,1.0,0.866025403784439,1.0,0.866025403784439,1.0,0.866025403784439,1.0,0.866025403784439,1.0,0.866025403784439,1.0,0.866025403784439,1.0,0.866025403784439,1.0,0.866025403784439,1.0,0.866025403784439,1.0,0.866025403784439,1.0,0.866025403784439,1.0,0.866025403784439,1.0,0.866025403784439,1.0,0.866025403784439,1.0,0.866025403784439,1.0,0.866025403784439,1.0,0.866025403784439,1.0,0.866025403784439,1.0,0.866025403784439,1.0,0.866025403784439,1.0,0.866025403784439,1.0,0.866025403784439,1.0,0.866025403784439,1.0,0.866025403784439,1.0,0.866025403784439,1.0,0.866025403784439,1.0,0.866025403784439,1.0,0.866025403784439,1.0,0.866025403784439,1.0,0.866025403784439,1.0,0.866025403784439,1.0,0.866025403784439,1.0,0.866025403784439,1.0,0.866025403784439,1.0,0.866025403784439,1.0,0.866025403784439,1.0,0.866025403784439,1.0,0.866025403784439,1.0,0.866025403784439,1.0,0.866025403784439,1.0,0.866025403784439,1.0,0.866025403784439,1.0,0.866025403784439,1.0,0.866025403784439,1.0,0.903773731888397,0.945775082090162),(0.993270583777373,0.869479146213474,1.0,0.866025403784439,1.0,0.866025403784439,1.0,0.866025403784439,1.0,0.866025403784439,1.0,0.866025403784439,1.0,0.866025403784439,1.0,0.866025403784439,1.0,0.866025403784439,1.0,0.866025403784439,1.0,0.866025403784439,1.0,0.866025403784439,1.0,0.866025403784439,1.0,0.866025403784439,1.0,0.866025403784439,1.0,0.866025403784439,1.0,0.866025403784439,1.0,0.866025403784439,1.0,0.866025403784439,1.0,0.866025403784439,1.0,0.866025403784439,1.0,0.866025403784439,1.0,0.866025403784439,1.0,0.866025403784439,1.0,0.866025403784439,1.0,0.866025403784439,1.0,0.866025403784439,1.0,0.866025403784439,1.0,0.866025403784439,1.0,0.866025403784439,1.0,0.866025403784439,1.0,0.866025403784439,1.0,0.866025403784439,1.0,0.866025403784439,1.0,0.866025403784439,1.0,0.866025403784439,1.0,0.866025403784439,1.0,0.866025403784439,1.0,0.866025403784439,1.0,0.866025403784439,1.0,0.866025403784439,1.0,0.866025403784439,1.0,0.866025403784439,1.0,0.866025403784439,1.0,0.866025403784439,1.0,0.866025403784439,1.0,0.866025403784439,1.0,0.903773731888397,0.945775082090162)))BOUNDED_SURFACE()REPRESENTATION_ITEM('')GEOMETRIC_REPRESENTATION_ITEM()SURFACE());
#319=FACE_OUTER_BOUND('',#702,.T.);
#320=(B_SPLINE_SURFACE(1,2,((#704,#705,#706,#707,#708,#709,#710,#711,#712,#713,#714,#715,#716,#717,#718,#719,#720,#721,#722,#723,#724,#725,#726,#727,#728,#729,#730,#731,#732,#733,#734,#735,#736,#737,#738,#739,#740,#741,#742,#743,#744,#745,#746,#747,#748,#749,#750,#751,#752,#753,#754,#755,#756,#757,#758,#759,#760,#761,#762,#763,#764,#765,#766,#767,#768,#769,#770,#771,#772,#773,#774,#775,#776,#777,#778,#779,#780,#781,#782,#783,#784,#785,#786,#787,#788,#789,#790,#791,#792,#793,#794,#795,#796,#797,#798,#799,#800),(#801,#802,#803,#804,#805,#806,#807,#808,#809,#810,#811,#812,#813,#814,#815,#816,#817,#818,#819,#820,#821,#822,#823,#824,#825,#826,#827,#828,#829,#830,#831,#832,#833,#834,#835,#836,#837,#838,#839,#840,#841,#842,#843,#844,#845,#846,#847,#848,#849,#850,#851,#852,#853,#854,#855,#856,#857,#858,#859,#860,#861,#862,#863,#864,#865,#866,#867,#868,#869,#870,#871,#872,#873,#874,#875,#876,#877,#878,#879,#880,#881,#882,#883,#884,#885,#886,#887,#888,#889,#890,#891,#892,#893,#894,#895,#896,#897)),.UNSPECIFIED.,.F.,.F.,.F.)B_SPLINE_SURFACE_WITH_KNOTS((2,2),(3,2,2,2,2,2,2,2,2,2,2,2,2,2,2,2,2,2,2,2,2,2,2,2,2,2,2,2,2,2,2,2,2,2,2,2,2,2,2,2,2,2,2,2,2,2,2,2,3),(0.0,1.0),(0.283408292153257,0.294871794871795,0.307692307692307,0.32051282051282,0.333333333333334,0.346153846153846,0.358974358974359,0.371794871794872,0.384615384615384,0.397435897435898,0.41025641025641,0.423076923076923,0.435897435897436,0.448717948717949,0.461538461538462,0.474358974358974,0.487179487179487,0.5,0.512820512820513,0.525641025641026,0.538461538461538,0.551282051282051,0.564102564102564,0.576923076923077,0.58974358974359,0.602564102564103,0.615384615384615,0.628205128205128,0.641025641025641,0.653846153846154,0.666666666666667,0.67948717948718,0.692307692307692,0.705128205128205,0.717948717948718,0.730769230769231,0.743589743589744,0.756410256410257,0.769230769230769,0.782051282051282,0.794871794871795,0.807692307692308,0.820512820512821,0.833333333333333,0.846153846153846,0.858974358974359,0.871794871794872,0.884615384615385,0.890772751141103),.UNSPECIFIED.)RATIONAL_B_SPLINE_SURFACE(((0.97464041881693,0.880206184461301,1.0,0.866025403784439,1.0,0.866025403784439,1.0,0.866025403784439,1.0,0.866025403784439,1.0,0.866025403784439,1.0,0.866025403784439,1.0,0.866025403784439,1.0,0.866025403784439,1.0,0.866025403784439,1.0,0.866025403784439,1.0,0.866025403784439,1.0,0.866025403784439,1.0,0.866025403784439,1.0,0.866025403784439,1.0,0.866025403784439,1.0,0.866025403784439,1.0,0.866025403784439,1.0,0.866025403784439,1.0,0.866025403784439,1.0,0.866025403784439,1.0,0.866025403784439,1.0,0.866025403784439,1.0,0.866025403784439,1.0,0.866025403784439,1.0,0.866025403784439,1.0,0.866025403784439,1.0,0.866025403784439,1.0,0.866025403784439,1.0,0.866025403784439,1.0,0.866025403784439,1.0,0.866025403784439,1.0,0.866025403784439,1.0,0.866025403784439,1.0,0.866025403784439,1.0,0.866025403784439,1.0,0.866025403784439,1.0,0.866025403784439,1.0,0.866025403784439,1.0,0.866025403784439,1.0,0.866025403784439,1.0,0.866025403784439,1.0,0.866025403784439,1.0,0.866025403784439,1.0,0.866025403784439,1.0,0.866025403784439,1.0,0.866025403784439,1.0,0.93565540586533,0.93311695873623),(0.97464041881693,0.880206184461301,1.0,0.866025403784439,1.0,0.866025403784439,1.0,0.866025403784439,1.0,0.866025403784439,1.0,0.866025403784439,1.0,0.866025403784439,1.0,0.866025403784439,1.0,0.866025403784439,1.0,0.866025403784439,1.0,0.866025403784439,1.0,0.866025403784439,1.0,0.866025403784439,1.0,0.866025403784439,1.0,0.866025403784439,1.0,0.866025403784439,1.0,0.866025403784439,1.0,0.866025403784439,1.0,0.866025403784439,1.0,0.866025403784439,1.0,0.866025403784439,1.0,0.866025403784439,1.0,0.866025403784439,1.0,0.866025403784439,1.0,0.866025403784439,1.0,0.866025403784439,1.0,0.866025403784439,1.0,0.866025403784439,1.0,0.866025403784439,1.0,0.866025403784439,1.0,0.866025403784439,1.0,0.866025403784439,1.0,0.866025403784439,1.0,0.866025403784439,1.0,0.866025403784439,1.0,0.866025403784439,1.0,0.866025403784439,1.0,0.866025403784439,1.0,0.866025403784439,1.0,0.866025403784439,1.0,0.866025403784439,1.0,0.866025403784439,1.0,0.866025403784439,1.0,0.866025403784439,1.0,0.866025403784439,1.0,0.866025403784439,1.0,0.866025403784439,1.0,0.93565540586533,0.93311695873623)))BOUNDED_SURFACE()REPRESENTATION_ITEM('')GEOMETRIC_REPRESENTATION_ITEM()SURFACE());
#321=FACE_OUTER_BOUND('',#904,.T.);
#322=TOROIDAL_SURFACE('',#905,2.75,0.1);
#323=FACE_OUTER_BOUND('',#906,.T.);
#324=CYLINDRICAL_SURFACE('',#907,2.3);
#325=FACE_OUTER_BOUND('',#908,.T.);
#326=FACE_BOUND('',#909,.T.);
#327=PLANE('',#910);
#328=FACE_OUTER_BOUND('',#911,.T.);
#329=CYLINDRICAL_SURFACE('',#912,0.45);
#330=FACE_OUTER_BOUND('',#913,.T.);
#331=PLANE('',#914);
#332=FACE_OUTER_BOUND('',#915,.T.);
#333=FACE_BOUND('',#916,.T.);
#334=PLANE('',#917);
#335=FACE_OUTER_BOUND('',#918,.T.);
#336=PLANE('',#919);
#337=FACE_OUTER_BOUND('',#920,.T.);
#338=PLANE('',#921);
#339=FACE_OUTER_BOUND('',#922,.T.);
#340=PLANE('',#923);
#341=FACE_OUTER_BOUND('',#924,.T.);
#342=PLANE('',#925);
#343=FACE_OUTER_BOUND('',#926,.T.);
#344=PLANE('',#927);
#345=FACE_OUTER_BOUND('',#928,.T.);
#346=PLANE('',#929);
#347=FACE_OUTER_BOUND('',#930,.T.);
#348=PLANE('',#931);
#349=FACE_OUTER_BOUND('',#932,.T.);
#350=PLANE('',#933);
#351=FACE_OUTER_BOUND('',#934,.T.);
#352=CYLINDRICAL_SURFACE('',#935,3.3);
#353=FACE_OUTER_BOUND('',#936,.T.);
#354=PLANE('',#937);
#355=EDGE_LOOP('',(#938,#939,#940,#941));
#356=AXIS2_PLACEMENT_3D('',#942,#943,#944);
#357=EDGE_LOOP('',(#945,#946,#947,#948));
#358=AXIS2_PLACEMENT_3D('',#949,#950,#951);
#359=EDGE_LOOP('',(#952,#953,#954,#955));
#360=AXIS2_PLACEMENT_3D('',#956,#957,#958);
#361=EDGE_LOOP('',(#959,#960,#961,#962));
#362=AXIS2_PLACEMENT_3D('',#963,#964,#965);
#363=EDGE_LOOP('',(#966,#967,#968,#969));
#364=AXIS2_PLACEMENT_3D('',#970,#971,#972);
#365=EDGE_LOOP('',(#973,#974,#975,#976));
#366=AXIS2_PLACEMENT_3D('',#977,#978,#979);
#367=EDGE_LOOP('',(#980,#981,#982,#983));
#368=AXIS2_PLACEMENT_3D('',#984,#985,#986);
#369=EDGE_LOOP('',(#987,#988,#989,#990));
#370=AXIS2_PLACEMENT_3D('',#991,#992,#993);
#371=EDGE_LOOP('',(#994,#995,#996,#997));
#372=AXIS2_PLACEMENT_3D('',#998,#999,#1000);
#373=EDGE_LOOP('',(#1001,#1002,#1003,#1004));
#374=AXIS2_PLACEMENT_3D('',#1005,#1006,#1007);
#375=EDGE_LOOP('',(#1008,#1009,#1010,#1011,#1012,#1013));
#376=AXIS2_PLACEMENT_3D('',#1014,#1015,#1016);
#377=EDGE_LOOP('',(#1017,#1018,#1019,#1020,#1021,#1022));
#378=AXIS2_PLACEMENT_3D('',#1023,#1024,#1025);
#379=EDGE_LOOP('',(#1026,#1027,#1028,#1029,#1030,#1031));
#380=AXIS2_PLACEMENT_3D('',#1032,#1033,#1034);
#381=EDGE_LOOP('',(#1035,#1036,#1037,#1038,#1039,#1040));
#382=AXIS2_PLACEMENT_3D('',#1041,#1042,#1043);
#383=EDGE_LOOP('',(#1044,#1045,#1046,#1047));
#384=AXIS2_PLACEMENT_3D('',#1048,#1049,#1050);
#385=EDGE_LOOP('',(#1051,#1052,#1053,#1054,#1055,#1056));
#386=AXIS2_PLACEMENT_3D('',#1057,#1058,#1059);
#387=EDGE_LOOP('',(#1060,#1061,#1062,#1063,#1064,#1065));
#388=AXIS2_PLACEMENT_3D('',#1066,#1067,#1068);
#389=EDGE_LOOP('',(#1069,#1070,#1071,#1072,#1073,#1074));
#390=AXIS2_PLACEMENT_3D('',#1075,#1076,#1077);
#391=EDGE_LOOP('',(#1078,#1079,#1080,#1081,#1082,#1083));
#392=AXIS2_PLACEMENT_3D('',#1084,#1085,#1086);
#393=EDGE_LOOP('',(#1087,#1088,#1089,#1090));
#394=AXIS2_PLACEMENT_3D('',#1091,#1092,#1093);
#395=EDGE_LOOP('',(#1094,#1095));
#396=EDGE_LOOP('',(#1096,#1097));
#397=AXIS2_PLACEMENT_3D('',#1098,#1099,#1100);
#398=EDGE_LOOP('',(#1101,#1102,#1103,#1104,#1105,#1106,#1107,#1108,#1109,#1110,#1111,#1112,#1113,#1114));
#399=EDGE_LOOP('',(#1115,#1116));
#400=AXIS2_PLACEMENT_3D('',#1117,#1118,#1119);
#401=EDGE_LOOP('',(#1120,#1121,#1122,#1123));
#402=AXIS2_PLACEMENT_3D('',#1124,#1125,#1126);
#403=EDGE_LOOP('',(#1127,#1128,#1129,#1130,#1131,#1132,#1133));
#404=AXIS2_PLACEMENT_3D('',#1134,#1135,#1136);
#405=EDGE_LOOP('',(#1137,#1138,#1139,#1140));
#406=AXIS2_PLACEMENT_3D('',#1141,#1142,#1143);
#407=EDGE_LOOP('',(#1144,#1145,#1146,#1147,#1148,#1149,#1150,#1151));
#408=AXIS2_PLACEMENT_3D('',#1152,#1153,#1154);
#409=EDGE_LOOP('',(#1155,#1156,#1157,#1158,#1159,#1160,#1161));
#410=AXIS2_PLACEMENT_3D('',#1162,#1163,#1164);
#411=EDGE_LOOP('',(#1165,#1166,#1167,#1168));
#412=AXIS2_PLACEMENT_3D('',#1169,#1170,#1171);
#413=EDGE_LOOP('',(#1172,#1173,#1174,#1175,#1176,#1177,#1178));
#414=AXIS2_PLACEMENT_3D('',#1179,#1180,#1181);
#415=EDGE_LOOP('',(#1182,#1183,#1184,#1185));
#416=AXIS2_PLACEMENT_3D('',#1186,#1187,#1188);
#417=EDGE_LOOP('',(#1189,#1190,#1191,#1192,#1193,#1194,#1195));
#418=AXIS2_PLACEMENT_3D('',#1196,#1197,#1198);
#419=EDGE_LOOP('',(#1199,#1200,#1201,#1202));
#420=AXIS2_PLACEMENT_3D('',#1203,#1204,#1205);
#421=EDGE_LOOP('',(#1206,#1207,#1208,#1209,#1210,#1211,#1212,#1213));
#422=AXIS2_PLACEMENT_3D('',#1214,#1215,#1216);
#423=EDGE_LOOP('',(#1217,#1218,#1219,#1220,#1221,#1222,#1223,#1224));
#424=AXIS2_PLACEMENT_3D('',#1225,#1226,#1227);
#425=EDGE_LOOP('',(#1228,#1229,#1230,#1231,#1232,#1233,#1234,#1235));
#426=AXIS2_PLACEMENT_3D('',#1236,#1237,#1238);
#427=EDGE_LOOP('',(#1239,#1240,#1241,#1242,#1243,#1244,#1245,#1246));
#428=AXIS2_PLACEMENT_3D('',#1247,#1248,#1249);
#429=EDGE_LOOP('',(#1250,#1251,#1252,#1253));
#430=AXIS2_PLACEMENT_3D('',#1254,#1255,#1256);
#431=EDGE_LOOP('',(#1257,#1258,#1259,#1260));
#432=AXIS2_PLACEMENT_3D('',#1261,#1262,#1263);
#433=EDGE_LOOP('',(#1264,#1265,#1266,#1267));
#434=AXIS2_PLACEMENT_3D('',#1268,#1269,#1270);
#435=EDGE_LOOP('',(#1271,#1272,#1273,#1274));
#436=AXIS2_PLACEMENT_3D('',#1275,#1276,#1277);
#437=EDGE_LOOP('',(#1278,#1279));
#438=AXIS2_PLACEMENT_3D('',#1280,#1281,#1282);
#439=EDGE_LOOP('',(#1283,#1284,#1285,#1286));
#440=AXIS2_PLACEMENT_3D('',#1287,#1288,#1289);
#441=EDGE_LOOP('',(#1290,#1291,#1292,#1293));
#442=AXIS2_PLACEMENT_3D('',#1294,#1295,#1296);
#443=EDGE_LOOP('',(#1297,#1298,#1299,#1300));
#444=AXIS2_PLACEMENT_3D('',#1301,#1302,#1303);
#445=EDGE_LOOP('',(#1304,#1305,#1306,#1307));
#446=AXIS2_PLACEMENT_3D('',#1308,#1309,#1310);
#447=EDGE_LOOP('',(#1311,#1312,#1313,#1314));
#448=AXIS2_PLACEMENT_3D('',#1315,#1316,#1317);
#449=EDGE_LOOP('',(#1318,#1319,#1320,#1321));
#450=AXIS2_PLACEMENT_3D('',#1322,#1323,#1324);
#451=EDGE_LOOP('',(#1325,#1326,#1327,#1328,#1329));
#452=AXIS2_PLACEMENT_3D('',#1330,#1331,#1332);
#453=EDGE_LOOP('',(#1333,#1334,#1335,#1336));
#454=AXIS2_PLACEMENT_3D('',#1337,#1338,#1339);
#455=EDGE_LOOP('',(#1340,#1341,#1342,#1343));
#456=AXIS2_PLACEMENT_3D('',#1344,#1345,#1346);
#457=EDGE_LOOP('',(#1347,#1348,#1349,#1350));
#458=AXIS2_PLACEMENT_3D('',#1351,#1352,#1353);
#459=EDGE_LOOP('',(#1354,#1355,#1356,#1357));
#460=AXIS2_PLACEMENT_3D('',#1358,#1359,#1360);
#461=EDGE_LOOP('',(#1361,#1362,#1363,#1364));
#462=AXIS2_PLACEMENT_3D('',#1365,#1366,#1367);
#463=EDGE_LOOP('',(#1368,#1369,#1370,#1371));
#464=AXIS2_PLACEMENT_3D('',#1372,#1373,#1374);
#465=EDGE_LOOP('',(#1375,#1376,#1377,#1378));
#466=AXIS2_PLACEMENT_3D('',#1379,#1380,#1381);
#467=EDGE_LOOP('',(#1382,#1383,#1384,#1385));
#468=AXIS2_PLACEMENT_3D('',#1386,#1387,#1388);
#469=EDGE_LOOP('',(#1389,#1390,#1391,#1392));
#470=AXIS2_PLACEMENT_3D('',#1393,#1394,#1395);
#471=EDGE_LOOP('',(#1396,#1397,#1398,#1399));
#472=AXIS2_PLACEMENT_3D('',#1400,#1401,#1402);
#473=EDGE_LOOP('',(#1403,#1404,#1405,#1406));
#474=AXIS2_PLACEMENT_3D('',#1407,#1408,#1409);
#475=EDGE_LOOP('',(#1410,#1411,#1412,#1413));
#476=AXIS2_PLACEMENT_3D('',#1414,#1415,#1416);
#477=EDGE_LOOP('',(#1417,#1418,#1419,#1420));
#478=AXIS2_PLACEMENT_3D('',#1421,#1422,#1423);
#479=EDGE_LOOP('',(#1424,#1425,#1426,#1427));
#480=AXIS2_PLACEMENT_3D('',#1428,#1429,#1430);
#481=EDGE_LOOP('',(#1431,#1432,#1433,#1434));
#482=AXIS2_PLACEMENT_3D('',#1435,#1436,#1437);
#483=EDGE_LOOP('',(#1438,#1439,#1440,#1441));
#484=AXIS2_PLACEMENT_3D('',#1442,#1443,#1444);
#485=EDGE_LOOP('',(#1445,#1446,#1447,#1448,#1449,#1450,#1451,#1452));
#486=EDGE_LOOP('',(#1453,#1454));
#487=AXIS2_PLACEMENT_3D('',#1455,#1456,#1457);
#488=EDGE_LOOP('',(#1458,#1459,#1460,#1461));
#489=AXIS2_PLACEMENT_3D('',#1462,#1463,#1464);
#490=EDGE_LOOP('',(#1465,#1466,#1467));
#491=EDGE_LOOP('',(#1468,#1469));
#492=AXIS2_PLACEMENT_3D('',#1470,#1471,#1472);
#493=EDGE_LOOP('',(#1473,#1474,#1475,#1476,#1477,#1478));
#494=AXIS2_PLACEMENT_3D('',#1479,#1480,#1481);
#495=EDGE_LOOP('',(#1482,#1483,#1484,#1485));
#496=AXIS2_PLACEMENT_3D('',#1486,#1487,#1488);
#497=EDGE_LOOP('',(#1489,#1490));
#498=EDGE_LOOP('',(#1491,#1492));
#499=AXIS2_PLACEMENT_3D('',#1493,#1494,#1495);
#500=EDGE_LOOP('',(#1496,#1497,#1498,#1499,#1500,#1501,#1502,#1503,#1504,#1505,#1506,#1507,#1508,#1509,#1510,#1511,#1512,#1513));
#502=CARTESIAN_POINT('',(6.00491328508561,10.2567384961292,18.5523626716383));
#503=CARTESIAN_POINT('',(6.27848637870457,8.78329853875051,18.4949325474891));
#504=CARTESIAN_POINT('',(5.16479996127427,7.78051735165954,18.4383287322613));
#505=CARTESIAN_POINT('',(4.01708508100671,6.74709638857347,18.379995398928));
#506=CARTESIAN_POINT('',(2.54825883403701,7.22433614964357,18.3216620655947));
#507=CARTESIAN_POINT('',(1.07943258706731,7.70157591071366,18.2633287322613));
#508=CARTESIAN_POINT('',(0.75832122036518,9.21223663486983,18.204995398928));
#509=CARTESIAN_POINT('',(0.437209853663049,10.722897359026,18.1466620655947));
#510=CARTESIAN_POINT('',(1.58492473393062,11.756318322112,18.0883287322614));
#511=CARTESIAN_POINT('',(2.73263961419818,12.7897392851981,18.029995398928));
#512=CARTESIAN_POINT('',(4.20146586116788,12.312499524128,17.9716620655947));
#513=CARTESIAN_POINT('',(5.67029210813758,11.8352597630579,17.9133287322613));
#514=CARTESIAN_POINT('',(5.99140347483971,10.3245990389018,17.854995398928));
#515=CARTESIAN_POINT('',(6.31251484154184,8.8139383147456,17.7966620655947));
#516=CARTESIAN_POINT('',(5.16479996127427,7.78051735165954,17.7383287322613));
#517=CARTESIAN_POINT('',(4.01708508100671,6.74709638857347,17.679995398928));
#518=CARTESIAN_POINT('',(2.54825883403701,7.22433614964357,17.6216620655947));
#519=CARTESIAN_POINT('',(1.07943258706731,7.70157591071366,17.5633287322613));
#520=CARTESIAN_POINT('',(0.75832122036518,9.21223663486983,17.504995398928));
#521=CARTESIAN_POINT('',(0.437209853663049,10.722897359026,17.4466620655947));
#522=CARTESIAN_POINT('',(1.58492473393062,11.756318322112,17.3883287322613));
#523=CARTESIAN_POINT('',(2.73263961419818,12.7897392851981,17.329995398928));
#524=CARTESIAN_POINT('',(4.20146586116788,12.312499524128,17.2716620655947));
#525=CARTESIAN_POINT('',(5.67029210813758,11.8352597630579,17.2133287322613));
#526=CARTESIAN_POINT('',(5.99140347483971,10.3245990389018,17.154995398928));
#527=CARTESIAN_POINT('',(6.31251484154184,8.8139383147456,17.0966620655947));
#528=CARTESIAN_POINT('',(5.16479996127427,7.78051735165954,17.0383287322613));
#529=CARTESIAN_POINT('',(4.01708508100671,6.74709638857347,16.979995398928));
#530=CARTESIAN_POINT('',(2.54825883403701,7.22433614964357,16.9216620655947));
#531=CARTESIAN_POINT('',(1.07943258706731,7.70157591071366,16.8633287322613));
#532=CARTESIAN_POINT('',(0.75832122036518,9.21223663486983,16.804995398928));
#533=CARTESIAN_POINT('',(0.437209853663049,10.722897359026,16.7466620655947));
#534=CARTESIAN_POINT('',(1.58492473393062,11.756318322112,16.6883287322613));
#535=CARTESIAN_POINT('',(2.73263961419818,12.7897392851981,16.629995398928));
#536=CARTESIAN_POINT('',(4.20146586116788,12.312499524128,16.5716620655947));
#537=CARTESIAN_POINT('',(5.67029210813758,11.8352597630579,16.5133287322613));
#538=CARTESIAN_POINT('',(5.99140347483971,10.3245990389018,16.454995398928));
#539=CARTESIAN_POINT('',(6.31251484154184,8.8139383147456,16.3966620655947));
#540=CARTESIAN_POINT('',(5.16479996127427,7.78051735165954,16.3383287322613));
#541=CARTESIAN_POINT('',(4.01708508100671,6.74709638857347,16.279995398928));
#542=CARTESIAN_POINT('',(2.54825883403701,7.22433614964357,16.2216620655947));
#543=CARTESIAN_POINT('',(1.07943258706731,7.70157591071366,16.1633287322614));
#544=CARTESIAN_POINT('',(0.75832122036518,9.21223663486983,16.104995398928));
#545=CARTESIAN_POINT('',(0.437209853663049,10.722897359026,16.0466620655947));
#546=CARTESIAN_POINT('',(1.58492473393062,11.756318322112,15.9883287322613));
#547=CARTESIAN_POINT('',(2.73263961419818,12.7897392851981,15.929995398928));
#548=CARTESIAN_POINT('',(4.20146586116788,12.312499524128,15.8716620655947));
#549=CARTESIAN_POINT('',(5.67029210813758,11.8352597630579,15.8133287322613));
#550=CARTESIAN_POINT('',(5.99140347483971,10.3245990389018,15.754995398928));
#551=CARTESIAN_POINT('',(6.31251484154184,8.8139383147456,15.6966620655947));
#552=CARTESIAN_POINT('',(5.16479996127427,7.78051735165954,15.6383287322613));
#553=CARTESIAN_POINT('',(4.01708508100671,6.74709638857347,15.579995398928));
#554=CARTESIAN_POINT('',(2.54825883403701,7.22433614964357,15.5216620655947));
#555=CARTESIAN_POINT('',(1.07943258706731,7.70157591071366,15.4633287322613));
#556=CARTESIAN_POINT('',(0.75832122036518,9.21223663486983,15.404995398928));
#557=CARTESIAN_POINT('',(0.437209853663049,10.722897359026,15.3466620655947));
#558=CARTESIAN_POINT('',(1.58492473393062,11.756318322112,15.2883287322613));
#559=CARTESIAN_POINT('',(2.73263961419818,12.7897392851981,15.229995398928));
#560=CARTESIAN_POINT('',(4.20146586116788,12.312499524128,15.1716620655947));
#561=CARTESIAN_POINT('',(5.67029210813758,11.8352597630579,15.1133287322613));
#562=CARTESIAN_POINT('',(5.99140347483971,10.3245990389018,15.054995398928));
#563=CARTESIAN_POINT('',(6.31251484154184,8.8139383147456,14.9966620655947));
#564=CARTESIAN_POINT('',(5.16479996127427,7.78051735165954,14.9383287322613));
#565=CARTESIAN_POINT('',(4.01708508100671,6.74709638857347,14.879995398928));
#566=CARTESIAN_POINT('',(2.54825883403701,7.22433614964357,14.8216620655947));
#567=CARTESIAN_POINT('',(1.07943258706731,7.70157591071366,14.7633287322613));
#568=CARTESIAN_POINT('',(0.75832122036518,9.21223663486983,14.704995398928));
#569=CARTESIAN_POINT('',(0.437209853663049,10.722897359026,14.6466620655947));
#570=CARTESIAN_POINT('',(1.58492473393062,11.756318322112,14.5883287322613));
#571=CARTESIAN_POINT('',(2.73263961419818,12.7897392851981,14.529995398928));
#572=CARTESIAN_POINT('',(4.20146586116788,12.312499524128,14.4716620655947));
#573=CARTESIAN_POINT('',(5.67029210813758,11.8352597630579,14.4133287322613));
#574=CARTESIAN_POINT('',(5.99140347483971,10.3245990389018,14.354995398928));
#575=CARTESIAN_POINT('',(6.31251484154184,8.8139383147456,14.2966620655947));
#576=CARTESIAN_POINT('',(5.16479996127427,7.78051735165954,14.2383287322613));
#577=CARTESIAN_POINT('',(4.01708508100671,6.74709638857347,14.179995398928));
#578=CARTESIAN_POINT('',(2.54825883403701,7.22433614964357,14.1216620655947));
#579=CARTESIAN_POINT('',(1.07943258706731,7.70157591071366,14.0633287322613));
#580=CARTESIAN_POINT('',(0.75832122036518,9.21223663486983,14.004995398928));
#581=CARTESIAN_POINT('',(0.437209853663049,10.722897359026,13.9466620655947));
#582=CARTESIAN_POINT('',(1.58492473393062,11.756318322112,13.8883287322613));
#583=CARTESIAN_POINT('',(2.73263961419818,12.7897392851981,13.829995398928));
#584=CARTESIAN_POINT('',(4.20146586116788,12.312499524128,13.7716620655947));
#585=CARTESIAN_POINT('',(5.67029210813758,11.8352597630579,13.7133287322613));
#586=CARTESIAN_POINT('',(5.99140347483971,10.3245990389018,13.654995398928));
#587=CARTESIAN_POINT('',(6.31251484154184,8.8139383147456,13.5966620655947));
#588=CARTESIAN_POINT('',(5.16479996127427,7.78051735165954,13.5383287322613));
#589=CARTESIAN_POINT('',(4.01708508100671,6.74709638857347,13.479995398928));
#590=CARTESIAN_POINT('',(2.54825883403701,7.22433614964357,13.4216620655947));
#591=CARTESIAN_POINT('',(1.07943258706731,7.70157591071366,13.3633287322613));
#592=CARTESIAN_POINT('',(0.75832122036518,9.21223663486983,13.304995398928));
#593=CARTESIAN_POINT('',(0.437209853663049,10.722897359026,13.2466620655947));
#594=CARTESIAN_POINT('',(1.58492473393062,11.756318322112,13.1883287322613));
#595=CARTESIAN_POINT('',(2.73263961419818,12.7897392851981,13.129995398928));
#596=CARTESIAN_POINT('',(4.20146586116788,12.312499524128,13.0716620655947));
#597=CARTESIAN_POINT('',(5.21237594361803,11.9840423718902,13.031514529471));
#598=CARTESIAN_POINT('',(5.72215063959771,11.0513296320853,12.9864072768409));
#599=CARTESIAN_POINT('',(6.49651159115724,10.3480133857074,18.2636875370435));
#600=CARTESIAN_POINT('',(6.82121984246197,8.59916409050093,18.2062574128942));
#601=CARTESIAN_POINT('',(5.49936773953069,7.4089471675051,18.1496535976665));
#602=CARTESIAN_POINT('',(4.13712671341872,6.18236340758051,18.0913202643332));
#603=CARTESIAN_POINT('',(2.39375350439861,6.74880686230857,18.0329869309999));
#604=CARTESIAN_POINT('',(0.650380295378499,7.31525031703662,17.9746535976665));
#605=CARTESIAN_POINT('',(0.26924811247036,9.10827753168927,17.9163202643332));
#606=CARTESIAN_POINT('',(-0.111884070437771,10.9013047463419,17.8579869309999));
#607=CARTESIAN_POINT('',(1.2503569556742,12.1278885062665,17.7996535976665));
#608=CARTESIAN_POINT('',(2.61259798178617,13.3544722661911,17.7413202643332));
#609=CARTESIAN_POINT('',(4.35597119080628,12.788028811463,17.6829869309999));
#610=CARTESIAN_POINT('',(6.09934439982639,12.221585356735,17.6246535976665));
#611=CARTESIAN_POINT('',(6.48047658273453,10.4285581420823,17.5663202643332));
#612=CARTESIAN_POINT('',(6.86160876564266,8.63553092742969,17.5079869309999));
#613=CARTESIAN_POINT('',(5.49936773953069,7.4089471675051,17.4496535976665));
#614=CARTESIAN_POINT('',(4.13712671341872,6.18236340758051,17.3913202643332));
#615=CARTESIAN_POINT('',(2.39375350439861,6.74880686230857,17.3329869309999));
#616=CARTESIAN_POINT('',(0.650380295378499,7.31525031703662,17.2746535976665));
#617=CARTESIAN_POINT('',(0.26924811247036,9.10827753168927,17.2163202643332));
#618=CARTESIAN_POINT('',(-0.111884070437771,10.9013047463419,17.1579869309999));
#619=CARTESIAN_POINT('',(1.2503569556742,12.1278885062665,17.0996535976665));
#620=CARTESIAN_POINT('',(2.61259798178617,13.3544722661911,17.0413202643332));
#621=CARTESIAN_POINT('',(4.35597119080628,12.788028811463,16.9829869309999));
#622=CARTESIAN_POINT('',(6.09934439982639,12.221585356735,16.9246535976665));
#623=CARTESIAN_POINT('',(6.48047658273453,10.4285581420823,16.8663202643332));
#624=CARTESIAN_POINT('',(6.86160876564266,8.63553092742969,16.8079869309999));
#625=CARTESIAN_POINT('',(5.49936773953069,7.4089471675051,16.7496535976665));
#626=CARTESIAN_POINT('',(4.13712671341872,6.18236340758051,16.6913202643332));
#627=CARTESIAN_POINT('',(2.39375350439861,6.74880686230857,16.6329869309999));
#628=CARTESIAN_POINT('',(0.650380295378499,7.31525031703662,16.5746535976665));
#629=CARTESIAN_POINT('',(0.26924811247036,9.10827753168927,16.5163202643332));
#630=CARTESIAN_POINT('',(-0.111884070437771,10.9013047463419,16.4579869309999));
#631=CARTESIAN_POINT('',(1.2503569556742,12.1278885062665,16.3996535976665));
#632=CARTESIAN_POINT('',(2.61259798178617,13.3544722661911,16.3413202643332));
#633=CARTESIAN_POINT('',(4.35597119080628,12.788028811463,16.2829869309999));
#634=CARTESIAN_POINT('',(6.09934439982639,12.221585356735,16.2246535976665));
#635=CARTESIAN_POINT('',(6.48047658273453,10.4285581420823,16.1663202643332));
#636=CARTESIAN_POINT('',(6.86160876564266,8.63553092742969,16.1079869309999));
#637=CARTESIAN_POINT('',(5.49936773953069,7.4089471675051,16.0496535976665));
#638=CARTESIAN_POINT('',(4.13712671341872,6.18236340758051,15.9913202643332));
#639=CARTESIAN_POINT('',(2.39375350439861,6.74880686230857,15.9329869309999));
#640=CARTESIAN_POINT('',(0.650380295378499,7.31525031703662,15.8746535976665));
#641=CARTESIAN_POINT('',(0.26924811247036,9.10827753168927,15.8163202643332));
#642=CARTESIAN_POINT('',(-0.111884070437771,10.9013047463419,15.7579869309999));
#643=CARTESIAN_POINT('',(1.2503569556742,12.1278885062665,15.6996535976665));
#644=CARTESIAN_POINT('',(2.61259798178617,13.3544722661911,15.6413202643332));
#645=CARTESIAN_POINT('',(4.35597119080628,12.788028811463,15.5829869309999));
#646=CARTESIAN_POINT('',(6.09934439982639,12.221585356735,15.5246535976665));
#647=CARTESIAN_POINT('',(6.48047658273453,10.4285581420823,15.4663202643332));
#648=CARTESIAN_POINT('',(6.86160876564266,8.63553092742969,15.4079869309999));
#649=CARTESIAN_POINT('',(5.49936773953069,7.4089471675051,15.3496535976665));
#650=CARTESIAN_POINT('',(4.13712671341872,6.18236340758051,15.2913202643332));
#651=CARTESIAN_POINT('',(2.39375350439861,6.74880686230857,15.2329869309999));
#652=CARTESIAN_POINT('',(0.650380295378499,7.31525031703662,15.1746535976665));
#653=CARTESIAN_POINT('',(0.26924811247036,9.10827753168927,15.1163202643332));
#654=CARTESIAN_POINT('',(-0.111884070437771,10.9013047463419,15.0579869309999));
#655=CARTESIAN_POINT('',(1.2503569556742,12.1278885062665,14.9996535976665));
#656=CARTESIAN_POINT('',(2.61259798178617,13.3544722661911,14.9413202643332));
#657=CARTESIAN_POINT('',(4.35597119080628,12.788028811463,14.8829869309999));
#658=CARTESIAN_POINT('',(6.09934439982639,12.221585356735,14.8246535976665));
#659=CARTESIAN_POINT('',(6.48047658273453,10.4285581420823,14.7663202643332));
#660=CARTESIAN_POINT('',(6.86160876564266,8.63553092742969,14.7079869309999));
#661=CARTESIAN_POINT('',(5.49936773953069,7.4089471675051,14.6496535976665));
#662=CARTESIAN_POINT('',(4.13712671341872,6.18236340758051,14.5913202643332));
#663=CARTESIAN_POINT('',(2.39375350439861,6.74880686230857,14.5329869309999));
#664=CARTESIAN_POINT('',(0.650380295378499,7.31525031703662,14.4746535976665));
#665=CARTESIAN_POINT('',(0.26924811247036,9.10827753168927,14.4163202643332));
#666=CARTESIAN_POINT('',(-0.111884070437771,10.9013047463419,14.3579869309999));
#667=CARTESIAN_POINT('',(1.2503569556742,12.1278885062665,14.2996535976665));
#668=CARTESIAN_POINT('',(2.61259798178617,13.3544722661911,14.2413202643332));
#669=CARTESIAN_POINT('',(4.35597119080628,12.788028811463,14.1829869309999));
#670=CARTESIAN_POINT('',(6.09934439982639,12.221585356735,14.1246535976665));
#671=CARTESIAN_POINT('',(6.48047658273453,10.4285581420823,14.0663202643332));
#672=CARTESIAN_POINT('',(6.86160876564266,8.63553092742969,14.0079869309999));
#673=CARTESIAN_POINT('',(5.49936773953069,7.4089471675051,13.9496535976665));
#674=CARTESIAN_POINT('',(4.13712671341872,6.18236340758051,13.8913202643332));
#675=CARTESIAN_POINT('',(2.39375350439861,6.74880686230857,13.8329869309999));
#676=CARTESIAN_POINT('',(0.650380295378499,7.31525031703662,13.7746535976665));
#677=CARTESIAN_POINT('',(0.26924811247036,9.10827753168927,13.7163202643332));
#678=CARTESIAN_POINT('',(-0.111884070437771,10.9013047463419,13.6579869309999));
#679=CARTESIAN_POINT('',(1.2503569556742,12.1278885062665,13.5996535976665));
#680=CARTESIAN_POINT('',(2.61259798178617,13.3544722661911,13.5413202643332));
#681=CARTESIAN_POINT('',(4.35597119080628,12.788028811463,13.4829869309999));
#682=CARTESIAN_POINT('',(6.09934439982639,12.221585356735,13.4246535976665));
#683=CARTESIAN_POINT('',(6.48047658273453,10.4285581420823,13.3663202643332));
#684=CARTESIAN_POINT('',(6.86160876564266,8.63553092742969,13.3079869309999));
#685=CARTESIAN_POINT('',(5.49936773953069,7.4089471675051,13.2496535976665));
#686=CARTESIAN_POINT('',(4.13712671341872,6.18236340758051,13.1913202643332));
#687=CARTESIAN_POINT('',(2.39375350439861,6.74880686230857,13.1329869309999));
#688=CARTESIAN_POINT('',(0.650380295378499,7.31525031703662,13.0746535976665));
#689=CARTESIAN_POINT('',(0.26924811247036,9.10827753168927,13.0163202643332));
#690=CARTESIAN_POINT('',(-0.111884070437771,10.9013047463419,12.9579869309999));
#691=CARTESIAN_POINT('',(1.2503569556742,12.1278885062665,12.8996535976665));
#692=CARTESIAN_POINT('',(2.61259798178617,13.3544722661911,12.8413202643332));
#693=CARTESIAN_POINT('',(4.35597119080628,12.788028811463,12.7829869309999));
#694=CARTESIAN_POINT('',(5.55583642885459,12.3981777989938,12.7428393948762));
#695=CARTESIAN_POINT('',(6.16089611473701,11.2911262293188,12.6977321422461));
#702=EDGE_LOOP('',(#1514,#1515,#1516,#1517,#1518,#1519,#1520,#1521,#1522,#1523,#1524,#1525,#1526,#1527,#1528,#1529,#1530,#1531));
#704=CARTESIAN_POINT('',(0.216422552099865,9.44456129737235,18.4825182328222));
#705=CARTESIAN_POINT('',(0.0519284993653692,11.048804222529,18.428322484691));
#706=CARTESIAN_POINT('',(1.2503569556742,12.1278885062665,18.3770038668562));
#707=CARTESIAN_POINT('',(2.61259798178617,13.3544722661911,18.3186705335228));
#708=CARTESIAN_POINT('',(4.35597119080628,12.788028811463,18.2603372001895));
#709=CARTESIAN_POINT('',(6.09934439982639,12.221585356735,18.2020038668562));
#710=CARTESIAN_POINT('',(6.48047658273453,10.4285581420823,18.1436705335228));
#711=CARTESIAN_POINT('',(6.86160876564266,8.63553092742969,18.0853372001895));
#712=CARTESIAN_POINT('',(5.49936773953069,7.4089471675051,18.0270038668562));
#713=CARTESIAN_POINT('',(4.13712671341872,6.18236340758051,17.9686705335228));
#714=CARTESIAN_POINT('',(2.39375350439861,6.74880686230857,17.9103372001895));
#715=CARTESIAN_POINT('',(0.650380295378499,7.31525031703662,17.8520038668562));
#716=CARTESIAN_POINT('',(0.26924811247036,9.10827753168927,17.7936705335228));
#717=CARTESIAN_POINT('',(-0.111884070437771,10.9013047463419,17.7353372001895));
#718=CARTESIAN_POINT('',(1.2503569556742,12.1278885062665,17.6770038668562));
#719=CARTESIAN_POINT('',(2.61259798178617,13.3544722661911,17.6186705335228));
#720=CARTESIAN_POINT('',(4.35597119080628,12.788028811463,17.5603372001895));
#721=CARTESIAN_POINT('',(6.09934439982639,12.221585356735,17.5020038668562));
#722=CARTESIAN_POINT('',(6.48047658273453,10.4285581420823,17.4436705335228));
#723=CARTESIAN_POINT('',(6.86160876564266,8.63553092742969,17.3853372001895));
#724=CARTESIAN_POINT('',(5.49936773953069,7.4089471675051,17.3270038668562));
#725=CARTESIAN_POINT('',(4.13712671341872,6.18236340758051,17.2686705335228));
#726=CARTESIAN_POINT('',(2.39375350439861,6.74880686230857,17.2103372001895));
#727=CARTESIAN_POINT('',(0.650380295378499,7.31525031703662,17.1520038668562));
#728=CARTESIAN_POINT('',(0.26924811247036,9.10827753168927,17.0936705335228));
#729=CARTESIAN_POINT('',(-0.111884070437771,10.9013047463419,17.0353372001895));
#730=CARTESIAN_POINT('',(1.2503569556742,12.1278885062665,16.9770038668562));
#731=CARTESIAN_POINT('',(2.61259798178617,13.3544722661911,16.9186705335228));
#732=CARTESIAN_POINT('',(4.35597119080628,12.788028811463,16.8603372001895));
#733=CARTESIAN_POINT('',(6.09934439982639,12.221585356735,16.8020038668562));
#734=CARTESIAN_POINT('',(6.48047658273453,10.4285581420823,16.7436705335228));
#735=CARTESIAN_POINT('',(6.86160876564266,8.63553092742969,16.6853372001895));
#736=CARTESIAN_POINT('',(5.49936773953069,7.4089471675051,16.6270038668561));
#737=CARTESIAN_POINT('',(4.13712671341872,6.18236340758051,16.5686705335228));
#738=CARTESIAN_POINT('',(2.39375350439861,6.74880686230857,16.5103372001895));
#739=CARTESIAN_POINT('',(0.650380295378499,7.31525031703662,16.4520038668562));
#740=CARTESIAN_POINT('',(0.26924811247036,9.10827753168927,16.3936705335228));
#741=CARTESIAN_POINT('',(-0.111884070437771,10.9013047463419,16.3353372001895));
#742=CARTESIAN_POINT('',(1.2503569556742,12.1278885062665,16.2770038668562));
#743=CARTESIAN_POINT('',(2.61259798178617,13.3544722661911,16.2186705335228));
#744=CARTESIAN_POINT('',(4.35597119080628,12.788028811463,16.1603372001895));
#745=CARTESIAN_POINT('',(6.09934439982639,12.221585356735,16.1020038668562));
#746=CARTESIAN_POINT('',(6.48047658273453,10.4285581420823,16.0436705335228));
#747=CARTESIAN_POINT('',(6.86160876564266,8.63553092742969,15.9853372001895));
#748=CARTESIAN_POINT('',(5.49936773953069,7.4089471675051,15.9270038668562));
#749=CARTESIAN_POINT('',(4.13712671341872,6.18236340758051,15.8686705335228));
#750=CARTESIAN_POINT('',(2.39375350439861,6.74880686230857,15.8103372001895));
#751=CARTESIAN_POINT('',(0.650380295378499,7.31525031703662,15.7520038668562));
#752=CARTESIAN_POINT('',(0.26924811247036,9.10827753168927,15.6936705335228));
#753=CARTESIAN_POINT('',(-0.111884070437771,10.9013047463419,15.6353372001895));
#754=CARTESIAN_POINT('',(1.2503569556742,12.1278885062665,15.5770038668561));
#755=CARTESIAN_POINT('',(2.61259798178617,13.3544722661911,15.5186705335228));
#756=CARTESIAN_POINT('',(4.35597119080628,12.788028811463,15.4603372001895));
#757=CARTESIAN_POINT('',(6.09934439982639,12.221585356735,15.4020038668562));
#758=CARTESIAN_POINT('',(6.48047658273453,10.4285581420823,15.3436705335228));
#759=CARTESIAN_POINT('',(6.86160876564266,8.63553092742969,15.2853372001895));
#760=CARTESIAN_POINT('',(5.49936773953069,7.4089471675051,15.2270038668562));
#761=CARTESIAN_POINT('',(4.13712671341872,6.18236340758051,15.1686705335228));
#762=CARTESIAN_POINT('',(2.39375350439861,6.74880686230857,15.1103372001895));
#763=CARTESIAN_POINT('',(0.650380295378499,7.31525031703662,15.0520038668562));
#764=CARTESIAN_POINT('',(0.26924811247036,9.10827753168927,14.9936705335228));
#765=CARTESIAN_POINT('',(-0.111884070437771,10.9013047463419,14.9353372001895));
#766=CARTESIAN_POINT('',(1.2503569556742,12.1278885062665,14.8770038668562));
#767=CARTESIAN_POINT('',(2.61259798178617,13.3544722661911,14.8186705335228));
#768=CARTESIAN_POINT('',(4.35597119080628,12.788028811463,14.7603372001895));
#769=CARTESIAN_POINT('',(6.09934439982639,12.221585356735,14.7020038668562));
#770=CARTESIAN_POINT('',(6.48047658273453,10.4285581420823,14.6436705335228));
#771=CARTESIAN_POINT('',(6.86160876564266,8.63553092742969,14.5853372001895));
#772=CARTESIAN_POINT('',(5.49936773953069,7.4089471675051,14.5270038668562));
#773=CARTESIAN_POINT('',(4.13712671341872,6.18236340758051,14.4686705335228));
#774=CARTESIAN_POINT('',(2.39375350439861,6.74880686230857,14.4103372001895));
#775=CARTESIAN_POINT('',(0.650380295378499,7.31525031703662,14.3520038668562));
#776=CARTESIAN_POINT('',(0.26924811247036,9.10827753168927,14.2936705335228));
#777=CARTESIAN_POINT('',(-0.111884070437771,10.9013047463419,14.2353372001895));
#778=CARTESIAN_POINT('',(1.2503569556742,12.1278885062665,14.1770038668562));
#779=CARTESIAN_POINT('',(2.61259798178617,13.3544722661911,14.1186705335228));
#780=CARTESIAN_POINT('',(4.35597119080628,12.788028811463,14.0603372001895));
#781=CARTESIAN_POINT('',(6.09934439982639,12.221585356735,14.0020038668562));
#782=CARTESIAN_POINT('',(6.48047658273453,10.4285581420823,13.9436705335228));
#783=CARTESIAN_POINT('',(6.86160876564266,8.63553092742969,13.8853372001895));
#784=CARTESIAN_POINT('',(5.49936773953069,7.4089471675051,13.8270038668562));
#785=CARTESIAN_POINT('',(4.13712671341872,6.18236340758051,13.7686705335228));
#786=CARTESIAN_POINT('',(2.39375350439861,6.74880686230857,13.7103372001895));
#787=CARTESIAN_POINT('',(0.650380295378499,7.31525031703662,13.6520038668562));
#788=CARTESIAN_POINT('',(0.26924811247036,9.10827753168927,13.5936705335228));
#789=CARTESIAN_POINT('',(-0.111884070437771,10.9013047463419,13.5353372001895));
#790=CARTESIAN_POINT('',(1.2503569556742,12.1278885062665,13.4770038668562));
#791=CARTESIAN_POINT('',(2.61259798178617,13.3544722661911,13.4186705335228));
#792=CARTESIAN_POINT('',(4.35597119080628,12.788028811463,13.3603372001895));
#793=CARTESIAN_POINT('',(6.09934439982639,12.221585356735,13.3020038668562));
#794=CARTESIAN_POINT('',(6.48047658273453,10.4285581420823,13.2436705335228));
#795=CARTESIAN_POINT('',(6.86160876564266,8.63553092742969,13.1853372001895));
#796=CARTESIAN_POINT('',(5.49936773953069,7.4089471675051,13.1270038668562));
#797=CARTESIAN_POINT('',(4.13712671341872,6.18236340758051,13.0686705335228));
#798=CARTESIAN_POINT('',(2.39375350439861,6.74880686230857,13.0103372001895));
#799=CARTESIAN_POINT('',(1.61876604070102,7.00060984633775,12.9844060904219));
#800=CARTESIAN_POINT('',(1.06082941627687,7.59450969882182,12.9544701149805));
#801=CARTESIAN_POINT('',(0.713814645879801,9.49556232721699,18.1938430982274));
#802=CARTESIAN_POINT('',(0.575225168379081,10.8471685712466,18.1396473500962));
#803=CARTESIAN_POINT('',(1.58492473393062,11.756318322112,18.0883287322614));
#804=CARTESIAN_POINT('',(2.73263961419818,12.7897392851981,18.029995398928));
#805=CARTESIAN_POINT('',(4.20146586116788,12.312499524128,17.9716620655947));
#806=CARTESIAN_POINT('',(5.67029210813758,11.8352597630579,17.9133287322613));
#807=CARTESIAN_POINT('',(5.99140347483971,10.3245990389018,17.854995398928));
#808=CARTESIAN_POINT('',(6.31251484154184,8.8139383147456,17.7966620655947));
#809=CARTESIAN_POINT('',(5.16479996127427,7.78051735165954,17.7383287322613));
#810=CARTESIAN_POINT('',(4.01708508100671,6.74709638857347,17.679995398928));
#811=CARTESIAN_POINT('',(2.54825883403701,7.22433614964357,17.6216620655947));
#812=CARTESIAN_POINT('',(1.07943258706731,7.70157591071366,17.5633287322613));
#813=CARTESIAN_POINT('',(0.75832122036518,9.21223663486983,17.504995398928));
#814=CARTESIAN_POINT('',(0.437209853663049,10.722897359026,17.4466620655947));
#815=CARTESIAN_POINT('',(1.58492473393062,11.756318322112,17.3883287322613));
#816=CARTESIAN_POINT('',(2.73263961419818,12.7897392851981,17.329995398928));
#817=CARTESIAN_POINT('',(4.20146586116788,12.312499524128,17.2716620655947));
#818=CARTESIAN_POINT('',(5.67029210813758,11.8352597630579,17.2133287322613));
#819=CARTESIAN_POINT('',(5.99140347483971,10.3245990389018,17.154995398928));
#820=CARTESIAN_POINT('',(6.31251484154184,8.8139383147456,17.0966620655947));
#821=CARTESIAN_POINT('',(5.16479996127427,7.78051735165954,17.0383287322613));
#822=CARTESIAN_POINT('',(4.01708508100671,6.74709638857347,16.979995398928));
#823=CARTESIAN_POINT('',(2.54825883403701,7.22433614964357,16.9216620655947));
#824=CARTESIAN_POINT('',(1.07943258706731,7.70157591071366,16.8633287322613));
#825=CARTESIAN_POINT('',(0.75832122036518,9.21223663486983,16.804995398928));
#826=CARTESIAN_POINT('',(0.437209853663049,10.722897359026,16.7466620655947));
#827=CARTESIAN_POINT('',(1.58492473393062,11.756318322112,16.6883287322613));
#828=CARTESIAN_POINT('',(2.73263961419818,12.7897392851981,16.629995398928));
#829=CARTESIAN_POINT('',(4.20146586116788,12.312499524128,16.5716620655947));
#830=CARTESIAN_POINT('',(5.67029210813758,11.8352597630579,16.5133287322613));
#831=CARTESIAN_POINT('',(5.99140347483971,10.3245990389018,16.454995398928));
#832=CARTESIAN_POINT('',(6.31251484154184,8.8139383147456,16.3966620655947));
#833=CARTESIAN_POINT('',(5.16479996127427,7.78051735165954,16.3383287322613));
#834=CARTESIAN_POINT('',(4.01708508100671,6.74709638857347,16.279995398928));
#835=CARTESIAN_POINT('',(2.54825883403701,7.22433614964357,16.2216620655947));
#836=CARTESIAN_POINT('',(1.07943258706731,7.70157591071366,16.1633287322614));
#837=CARTESIAN_POINT('',(0.75832122036518,9.21223663486983,16.104995398928));
#838=CARTESIAN_POINT('',(0.437209853663049,10.722897359026,16.0466620655947));
#839=CARTESIAN_POINT('',(1.58492473393062,11.756318322112,15.9883287322613));
#840=CARTESIAN_POINT('',(2.73263961419818,12.7897392851981,15.929995398928));
#841=CARTESIAN_POINT('',(4.20146586116788,12.312499524128,15.8716620655947));
#842=CARTESIAN_POINT('',(5.67029210813758,11.8352597630579,15.8133287322613));
#843=CARTESIAN_POINT('',(5.99140347483971,10.3245990389018,15.754995398928));
#844=CARTESIAN_POINT('',(6.31251484154184,8.8139383147456,15.6966620655947));
#845=CARTESIAN_POINT('',(5.16479996127427,7.78051735165954,15.6383287322613));
#846=CARTESIAN_POINT('',(4.01708508100671,6.74709638857347,15.579995398928));
#847=CARTESIAN_POINT('',(2.54825883403701,7.22433614964357,15.5216620655947));
#848=CARTESIAN_POINT('',(1.07943258706731,7.70157591071366,15.4633287322613));
#849=CARTESIAN_POINT('',(0.75832122036518,9.21223663486983,15.404995398928));
#850=CARTESIAN_POINT('',(0.437209853663049,10.722897359026,15.3466620655947));
#851=CARTESIAN_POINT('',(1.58492473393062,11.756318322112,15.2883287322613));
#852=CARTESIAN_POINT('',(2.73263961419818,12.7897392851981,15.229995398928));
#853=CARTESIAN_POINT('',(4.20146586116788,12.312499524128,15.1716620655947));
#854=CARTESIAN_POINT('',(5.67029210813758,11.8352597630579,15.1133287322613));
#855=CARTESIAN_POINT('',(5.99140347483971,10.3245990389018,15.054995398928));
#856=CARTESIAN_POINT('',(6.31251484154184,8.8139383147456,14.9966620655947));
#857=CARTESIAN_POINT('',(5.16479996127427,7.78051735165954,14.9383287322613));
#858=CARTESIAN_POINT('',(4.01708508100671,6.74709638857347,14.879995398928));
#859=CARTESIAN_POINT('',(2.54825883403701,7.22433614964357,14.8216620655947));
#860=CARTESIAN_POINT('',(1.07943258706731,7.70157591071366,14.7633287322613));
#861=CARTESIAN_POINT('',(0.75832122036518,9.21223663486983,14.704995398928));
#862=CARTESIAN_POINT('',(0.437209853663049,10.722897359026,14.6466620655947));
#863=CARTESIAN_POINT('',(1.58492473393062,11.756318322112,14.5883287322613));
#864=CARTESIAN_POINT('',(2.73263961419818,12.7897392851981,14.529995398928));
#865=CARTESIAN_POINT('',(4.20146586116788,12.312499524128,14.4716620655947));
#866=CARTESIAN_POINT('',(5.67029210813758,11.8352597630579,14.4133287322613));
#867=CARTESIAN_POINT('',(5.99140347483971,10.3245990389018,14.354995398928));
#868=CARTESIAN_POINT('',(6.31251484154184,8.8139383147456,14.2966620655947));
#869=CARTESIAN_POINT('',(5.16479996127427,7.78051735165954,14.2383287322613));
#870=CARTESIAN_POINT('',(4.01708508100671,6.74709638857347,14.179995398928));
#871=CARTESIAN_POINT('',(2.54825883403701,7.22433614964357,14.1216620655947));
#872=CARTESIAN_POINT('',(1.07943258706731,7.70157591071366,14.0633287322613));
#873=CARTESIAN_POINT('',(0.75832122036518,9.21223663486983,14.004995398928));
#874=CARTESIAN_POINT('',(0.437209853663049,10.722897359026,13.9466620655947));
#875=CARTESIAN_POINT('',(1.58492473393062,11.756318322112,13.8883287322613));
#876=CARTESIAN_POINT('',(2.73263961419818,12.7897392851981,13.829995398928));
#877=CARTESIAN_POINT('',(4.20146586116788,12.312499524128,13.7716620655947));
#878=CARTESIAN_POINT('',(5.67029210813758,11.8352597630579,13.7133287322613));
#879=CARTESIAN_POINT('',(5.99140347483971,10.3245990389018,13.654995398928));
#880=CARTESIAN_POINT('',(6.31251484154184,8.8139383147456,13.5966620655947));
#881=CARTESIAN_POINT('',(5.16479996127427,7.78051735165954,13.5383287322613));
#882=CARTESIAN_POINT('',(4.01708508100671,6.74709638857347,13.479995398928));
#883=CARTESIAN_POINT('',(2.54825883403701,7.22433614964357,13.4216620655947));
#884=CARTESIAN_POINT('',(1.07943258706731,7.70157591071366,13.3633287322613));
#885=CARTESIAN_POINT('',(0.75832122036518,9.21223663486983,13.304995398928));
#886=CARTESIAN_POINT('',(0.437209853663049,10.722897359026,13.2466620655947));
#887=CARTESIAN_POINT('',(1.58492473393062,11.756318322112,13.1883287322613));
#888=CARTESIAN_POINT('',(2.73263961419818,12.7897392851981,13.129995398928));
#889=CARTESIAN_POINT('',(4.20146586116788,12.312499524128,13.0716620655947));
#890=CARTESIAN_POINT('',(5.67029210813758,11.8352597630579,13.0133287322613));
#891=CARTESIAN_POINT('',(5.99140347483971,10.3245990389018,12.954995398928));
#892=CARTESIAN_POINT('',(6.31251484154184,8.8139383147456,12.8966620655947));
#893=CARTESIAN_POINT('',(5.16479996127427,7.78051735165954,12.8383287322613));
#894=CARTESIAN_POINT('',(4.01708508100671,6.74709638857347,12.779995398928));
#895=CARTESIAN_POINT('',(2.54825883403701,7.22433614964357,12.7216620655947));
#896=CARTESIAN_POINT('',(1.89531664021306,7.43648512043981,12.6957309558271));
#897=CARTESIAN_POINT('',(1.42524405113129,7.93685743709962,12.6657949803857));
#904=EDGE_LOOP('',(#1532,#1533,#1534,#1535));
#905=AXIS2_PLACEMENT_3D('',#1536,#1537,#1538);
#906=EDGE_LOOP('',(#1539,#1540,#1541,#1542));
#907=AXIS2_PLACEMENT_3D('',#1543,#1544,#1545);
#908=EDGE_LOOP('',(#1546,#1547));
#909=EDGE_LOOP('',(#1548,#1549));
#910=AXIS2_PLACEMENT_3D('',#1550,#1551,#1552);
#911=EDGE_LOOP('',(#1553,#1554,#1555,#1556));
#912=AXIS2_PLACEMENT_3D('',#1557,#1558,#1559);
#913=EDGE_LOOP('',(#1560,#1561));
#914=AXIS2_PLACEMENT_3D('',#1562,#1563,#1564);
#915=EDGE_LOOP('',(#1565,#1566,#1567,#1568));
#916=EDGE_LOOP('',(#1569,#1570));
#917=AXIS2_PLACEMENT_3D('',#1571,#1572,#1573);
#918=EDGE_LOOP('',(#1574,#1575,#1576,#1577));
#919=AXIS2_PLACEMENT_3D('',#1578,#1579,#1580);
#920=EDGE_LOOP('',(#1581,#1582,#1583,#1584));
#921=AXIS2_PLACEMENT_3D('',#1585,#1586,#1587);
#922=EDGE_LOOP('',(#1588,#1589,#1590,#1591));
#923=AXIS2_PLACEMENT_3D('',#1592,#1593,#1594);
#924=EDGE_LOOP('',(#1595,#1596,#1597,#1598,#1599,#1600,#1601,#1602));
#925=AXIS2_PLACEMENT_3D('',#1603,#1604,#1605);
#926=EDGE_LOOP('',(#1606,#1607,#1608,#1609));
#927=AXIS2_PLACEMENT_3D('',#1610,#1611,#1612);
#928=EDGE_LOOP('',(#1613,#1614,#1615,#1616));
#929=AXIS2_PLACEMENT_3D('',#1617,#1618,#1619);
#930=EDGE_LOOP('',(#1620,#1621,#1622,#1623));
#931=AXIS2_PLACEMENT_3D('',#1624,#1625,#1626);
#932=EDGE_LOOP('',(#1627,#1628,#1629,#1630));
#933=AXIS2_PLACEMENT_3D('',#1631,#1632,#1633);
#934=EDGE_LOOP('',(#1634,#1635,#1636,#1637));
#935=AXIS2_PLACEMENT_3D('',#1638,#1639,#1640);
#936=EDGE_LOOP('',(#1641,#1642));
#937=AXIS2_PLACEMENT_3D('',#1643,#1644,#1645);
#938=ORIENTED_EDGE('',*,*,#1646,.F.);
#939=ORIENTED_EDGE('',*,*,#1647,.T.);
#940=ORIENTED_EDGE('',*,*,#1648,.F.);
#941=ORIENTED_EDGE('',*,*,#1649,.F.);
#942=CARTESIAN_POINT('',(3.37486234760245,4.8284178368858,7.50666132349076));
#943=DIRECTION('',(0.0,1.0,0.0));
#944=DIRECTION('',(0.0,0.0,-1.0));
#945=ORIENTED_EDGE('',*,*,#1650,.F.);
#946=ORIENTED_EDGE('',*,*,#1651,.T.);
#947=ORIENTED_EDGE('',*,*,#1652,.T.);
#948=ORIENTED_EDGE('',*,*,#1653,.T.);
#949=CARTESIAN_POINT('',(3.37486234760245,-1.5215821631142,7.50666132349076));
#950=DIRECTION('',(0.0,-1.0,0.0));
#951=DIRECTION('',(0.0,0.0,1.0));
#952=ORIENTED_EDGE('',*,*,#1652,.F.);
#953=ORIENTED_EDGE('',*,*,#1654,.T.);
#954=ORIENTED_EDGE('',*,*,#1650,.T.);
#955=ORIENTED_EDGE('',*,*,#1655,.T.);
#956=CARTESIAN_POINT('',(3.37486234760245,-1.5215821631142,7.50666132349076));
#957=DIRECTION('',(0.0,-1.0,0.0));
#958=DIRECTION('',(0.0,0.0,1.0));
#959=ORIENTED_EDGE('',*,*,#1656,.F.);
#960=ORIENTED_EDGE('',*,*,#1657,.T.);
#961=ORIENTED_EDGE('',*,*,#1658,.T.);
#962=ORIENTED_EDGE('',*,*,#1659,.T.);
#963=CARTESIAN_POINT('',(1.29986234760245,-1.5215821631142,4.43166132349076));
#964=DIRECTION('',(0.0,0.0,-1.0));
#965=DIRECTION('',(0.0,-1.0,0.0));
#966=ORIENTED_EDGE('',*,*,#1658,.F.);
#967=ORIENTED_EDGE('',*,*,#1660,.T.);
#968=ORIENTED_EDGE('',*,*,#1661,.T.);
#969=ORIENTED_EDGE('',*,*,#1662,.T.);
#970=CARTESIAN_POINT('',(0.299862347602446,-1.5215821631142,5.43166132349076));
#971=DIRECTION('',(-1.0,0.0,0.0));
#972=DIRECTION('',(0.0,0.0,1.0));
#973=ORIENTED_EDGE('',*,*,#1663,.F.);
#974=ORIENTED_EDGE('',*,*,#1664,.T.);
#975=ORIENTED_EDGE('',*,*,#1665,.T.);
#976=ORIENTED_EDGE('',*,*,#1666,.T.);
#977=CARTESIAN_POINT('',(5.44986234760245,-1.5215821631142,10.5816613234908));
#978=DIRECTION('',(0.0,0.0,1.0));
#979=DIRECTION('',(1.0,0.0,0.0));
#980=ORIENTED_EDGE('',*,*,#1667,.F.);
#981=ORIENTED_EDGE('',*,*,#1668,.T.);
#982=ORIENTED_EDGE('',*,*,#1669,.T.);
#983=ORIENTED_EDGE('',*,*,#1670,.T.);
#984=CARTESIAN_POINT('',(5.44986234760245,-1.5215821631142,4.43166132349076));
#985=DIRECTION('',(0.0,0.0,-1.0));
#986=DIRECTION('',(0.0,-1.0,0.0));
#987=ORIENTED_EDGE('',*,*,#1671,.F.);
#988=ORIENTED_EDGE('',*,*,#1672,.T.);
#989=ORIENTED_EDGE('',*,*,#1667,.T.);
#990=ORIENTED_EDGE('',*,*,#1673,.T.);
#991=CARTESIAN_POINT('',(6.44986234760245,-1.5215821631142,5.43166132349076));
#992=DIRECTION('',(1.0,0.0,0.0));
#993=DIRECTION('',(0.0,1.0,0.0));
#994=ORIENTED_EDGE('',*,*,#1674,.F.);
#995=ORIENTED_EDGE('',*,*,#1675,.T.);
#996=ORIENTED_EDGE('',*,*,#1676,.T.);
#997=ORIENTED_EDGE('',*,*,#1677,.T.);
#998=CARTESIAN_POINT('',(1.29986234760245,-1.5215821631142,10.5816613234908));
#999=DIRECTION('',(0.0,0.0,1.0));
#1000=DIRECTION('',(1.0,0.0,0.0));
#1001=ORIENTED_EDGE('',*,*,#1678,.F.);
#1002=ORIENTED_EDGE('',*,*,#1679,.T.);
#1003=ORIENTED_EDGE('',*,*,#1674,.T.);
#1004=ORIENTED_EDGE('',*,*,#1680,.T.);
#1005=CARTESIAN_POINT('',(0.299862347602446,-1.5215821631142,9.58166132349076));
#1006=DIRECTION('',(-1.0,0.0,0.0));
#1007=DIRECTION('',(0.0,0.0,1.0));
#1008=ORIENTED_EDGE('',*,*,#1661,.F.);
#1009=ORIENTED_EDGE('',*,*,#1681,.T.);
#1010=ORIENTED_EDGE('',*,*,#1682,.T.);
#1011=ORIENTED_EDGE('',*,*,#1683,.T.);
#1012=ORIENTED_EDGE('',*,*,#1684,.T.);
#1013=ORIENTED_EDGE('',*,*,#1685,.T.);
#1014=CARTESIAN_POINT('',(1.29986234760245,-1.5215821631142,5.43166132349076));
#1015=DIRECTION('',(0.0,0.0,1.0));
#1016=DIRECTION('',(1.0,0.0,0.0));
#1017=ORIENTED_EDGE('',*,*,#1686,.F.);
#1018=ORIENTED_EDGE('',*,*,#1687,.T.);
#1019=ORIENTED_EDGE('',*,*,#1671,.T.);
#1020=ORIENTED_EDGE('',*,*,#1688,.T.);
#1021=ORIENTED_EDGE('',*,*,#1689,.F.);
#1022=ORIENTED_EDGE('',*,*,#1690,.T.);
#1023=CARTESIAN_POINT('',(5.44986234760245,-1.5215821631142,5.43166132349076));
#1024=DIRECTION('',(0.0,0.0,1.0));
#1025=DIRECTION('',(1.0,0.0,0.0));
#1026=ORIENTED_EDGE('',*,*,#1669,.F.);
#1027=ORIENTED_EDGE('',*,*,#1691,.T.);
#1028=ORIENTED_EDGE('',*,*,#1686,.T.);
#1029=ORIENTED_EDGE('',*,*,#1692,.T.);
#1030=ORIENTED_EDGE('',*,*,#1693,.T.);
#1031=ORIENTED_EDGE('',*,*,#1694,.T.);
#1032=CARTESIAN_POINT('',(5.44986234760245,-1.5215821631142,5.43166132349076));
#1033=DIRECTION('',(-1.0,0.0,0.0));
#1034=DIRECTION('',(0.0,0.0,1.0));
#1035=ORIENTED_EDGE('',*,*,#1665,.F.);
#1036=ORIENTED_EDGE('',*,*,#1695,.T.);
#1037=ORIENTED_EDGE('',*,*,#1696,.T.);
#1038=ORIENTED_EDGE('',*,*,#1697,.T.);
#1039=ORIENTED_EDGE('',*,*,#1698,.F.);
#1040=ORIENTED_EDGE('',*,*,#1699,.T.);
#1041=CARTESIAN_POINT('',(6.44986234760245,-1.5215821631142,9.58166132349076));
#1042=DIRECTION('',(1.0,0.0,0.0));
#1043=DIRECTION('',(0.0,1.0,0.0));
#1044=ORIENTED_EDGE('',*,*,#1696,.F.);
#1045=ORIENTED_EDGE('',*,*,#1700,.T.);
#1046=ORIENTED_EDGE('',*,*,#1701,.T.);
#1047=ORIENTED_EDGE('',*,*,#1702,.F.);
#1048=CARTESIAN_POINT('',(5.44986234760245,-1.5215821631142,9.58166132349076));
#1049=DIRECTION('',(0.0,0.0,-1.0));
#1050=DIRECTION('',(0.0,-1.0,0.0));
#1051=ORIENTED_EDGE('',*,*,#1701,.F.);
#1052=ORIENTED_EDGE('',*,*,#1703,.T.);
#1053=ORIENTED_EDGE('',*,*,#1663,.T.);
#1054=ORIENTED_EDGE('',*,*,#1704,.T.);
#1055=ORIENTED_EDGE('',*,*,#1705,.F.);
#1056=ORIENTED_EDGE('',*,*,#1706,.F.);
#1057=CARTESIAN_POINT('',(5.44986234760245,-1.5215821631142,9.58166132349076));
#1058=DIRECTION('',(-1.0,0.0,0.0));
#1059=DIRECTION('',(0.0,0.0,1.0));
#1060=ORIENTED_EDGE('',*,*,#1707,.F.);
#1061=ORIENTED_EDGE('',*,*,#1708,.T.);
#1062=ORIENTED_EDGE('',*,*,#1678,.T.);
#1063=ORIENTED_EDGE('',*,*,#1709,.T.);
#1064=ORIENTED_EDGE('',*,*,#1710,.F.);
#1065=ORIENTED_EDGE('',*,*,#1711,.T.);
#1066=CARTESIAN_POINT('',(1.29986234760245,-1.5215821631142,9.58166132349076));
#1067=DIRECTION('',(0.0,0.0,-1.0));
#1068=DIRECTION('',(0.0,-1.0,0.0));
#1069=ORIENTED_EDGE('',*,*,#1676,.F.);
#1070=ORIENTED_EDGE('',*,*,#1712,.T.);
#1071=ORIENTED_EDGE('',*,*,#1707,.T.);
#1072=ORIENTED_EDGE('',*,*,#1713,.T.);
#1073=ORIENTED_EDGE('',*,*,#1714,.T.);
#1074=ORIENTED_EDGE('',*,*,#1715,.T.);
#1075=CARTESIAN_POINT('',(1.29986234760245,-1.5215821631142,9.58166132349076));
#1076=DIRECTION('',(1.0,0.0,-4.33680868994201E-16));
#1077=DIRECTION('',(-4.33680868994201E-16,0.0,-1.0));
#1078=ORIENTED_EDGE('',*,*,#1682,.F.);
#1079=ORIENTED_EDGE('',*,*,#1716,.T.);
#1080=ORIENTED_EDGE('',*,*,#1656,.T.);
#1081=ORIENTED_EDGE('',*,*,#1717,.T.);
#1082=ORIENTED_EDGE('',*,*,#1718,.F.);
#1083=ORIENTED_EDGE('',*,*,#1719,.T.);
#1084=CARTESIAN_POINT('',(1.29986234760245,-1.5215821631142,5.43166132349076));
#1085=DIRECTION('',(1.0,0.0,0.0));
#1086=DIRECTION('',(0.0,1.0,0.0));
#1087=ORIENTED_EDGE('',*,*,#1647,.F.);
#1088=ORIENTED_EDGE('',*,*,#1720,.F.);
#1089=ORIENTED_EDGE('',*,*,#1649,.T.);
#1090=ORIENTED_EDGE('',*,*,#1721,.F.);
#1091=CARTESIAN_POINT('',(3.37486234760245,4.8284178368858,7.50666132349076));
#1092=DIRECTION('',(0.0,1.0,0.0));
#1093=DIRECTION('',(0.0,0.0,-1.0));
#1094=ORIENTED_EDGE('',*,*,#1720,.T.);
#1095=ORIENTED_EDGE('',*,*,#1646,.T.);
#1096=ORIENTED_EDGE('',*,*,#1655,.F.);
#1097=ORIENTED_EDGE('',*,*,#1653,.F.);
#1098=CARTESIAN_POINT('',(3.37486234760245,4.8284178368858,7.50666132349076));
#1099=DIRECTION('',(0.0,-1.0,0.0));
#1100=DIRECTION('',(0.0,0.0,-1.0));
#1101=ORIENTED_EDGE('',*,*,#1702,.T.);
#1102=ORIENTED_EDGE('',*,*,#1706,.T.);
#1103=ORIENTED_EDGE('',*,*,#1722,.F.);
#1104=ORIENTED_EDGE('',*,*,#1713,.F.);
#1105=ORIENTED_EDGE('',*,*,#1711,.F.);
#1106=ORIENTED_EDGE('',*,*,#1723,.F.);
#1107=ORIENTED_EDGE('',*,*,#1683,.F.);
#1108=ORIENTED_EDGE('',*,*,#1719,.F.);
#1109=ORIENTED_EDGE('',*,*,#1724,.F.);
#1110=ORIENTED_EDGE('',*,*,#1692,.F.);
#1111=ORIENTED_EDGE('',*,*,#1690,.F.);
#1112=ORIENTED_EDGE('',*,*,#1725,.F.);
#1113=ORIENTED_EDGE('',*,*,#1726,.F.);
#1114=ORIENTED_EDGE('',*,*,#1697,.F.);
#1115=ORIENTED_EDGE('',*,*,#1648,.T.);
#1116=ORIENTED_EDGE('',*,*,#1721,.T.);
#1117=CARTESIAN_POINT('',(3.37486234760245,3.8284178368858,7.50666132349076));
#1118=DIRECTION('',(0.0,-1.0,0.0));
#1119=DIRECTION('',(0.0,0.0,-1.0));
#1120=ORIENTED_EDGE('',*,*,#1727,.F.);
#1121=ORIENTED_EDGE('',*,*,#1728,.F.);
#1122=ORIENTED_EDGE('',*,*,#1729,.T.);
#1123=ORIENTED_EDGE('',*,*,#1730,.F.);
#1124=CARTESIAN_POINT('',(-0.125137652397554,5.3284178368858,4.10666132349076));
#1125=DIRECTION('',(0.707106781186547,0.0,0.707106781186547));
#1126=DIRECTION('',(0.0,-1.0,0.0));
#1127=ORIENTED_EDGE('',*,*,#1685,.F.);
#1128=ORIENTED_EDGE('',*,*,#1731,.F.);
#1129=ORIENTED_EDGE('',*,*,#1729,.F.);
#1130=ORIENTED_EDGE('',*,*,#1732,.F.);
#1131=ORIENTED_EDGE('',*,*,#1717,.F.);
#1132=ORIENTED_EDGE('',*,*,#1659,.F.);
#1133=ORIENTED_EDGE('',*,*,#1662,.F.);
#1134=CARTESIAN_POINT('',(3.37486234760245,3.4284178368858,7.50666132349076));
#1135=DIRECTION('',(0.0,-1.0,0.0));
#1136=DIRECTION('',(0.0,0.0,-1.0));
#1137=ORIENTED_EDGE('',*,*,#1733,.F.);
#1138=ORIENTED_EDGE('',*,*,#1734,.F.);
#1139=ORIENTED_EDGE('',*,*,#1735,.T.);
#1140=ORIENTED_EDGE('',*,*,#1736,.F.);
#1141=CARTESIAN_POINT('',(6.77486234760245,5.3284178368858,4.00666132349076));
#1142=DIRECTION('',(-0.707106781186547,0.0,0.707106781186547));
#1143=DIRECTION('',(0.0,1.0,0.0));
#1144=ORIENTED_EDGE('',*,*,#1737,.T.);
#1145=ORIENTED_EDGE('',*,*,#1733,.T.);
#1146=ORIENTED_EDGE('',*,*,#1738,.T.);
#1147=ORIENTED_EDGE('',*,*,#1727,.T.);
#1148=ORIENTED_EDGE('',*,*,#1739,.T.);
#1149=ORIENTED_EDGE('',*,*,#1740,.T.);
#1150=ORIENTED_EDGE('',*,*,#1741,.T.);
#1151=ORIENTED_EDGE('',*,*,#1742,.T.);
#1152=CARTESIAN_POINT('',(3.37486234760245,5.3284178368858,7.50666132349076));
#1153=DIRECTION('',(0.0,1.0,0.0));
#1154=DIRECTION('',(1.0,0.0,-0.0));
#1155=ORIENTED_EDGE('',*,*,#1694,.F.);
#1156=ORIENTED_EDGE('',*,*,#1743,.F.);
#1157=ORIENTED_EDGE('',*,*,#1735,.F.);
#1158=ORIENTED_EDGE('',*,*,#1744,.F.);
#1159=ORIENTED_EDGE('',*,*,#1688,.F.);
#1160=ORIENTED_EDGE('',*,*,#1673,.F.);
#1161=ORIENTED_EDGE('',*,*,#1670,.F.);
#1162=CARTESIAN_POINT('',(3.37486234760245,3.4284178368858,7.50666132349076));
#1163=DIRECTION('',(0.0,-1.0,0.0));
#1164=DIRECTION('',(0.0,0.0,-1.0));
#1165=ORIENTED_EDGE('',*,*,#1740,.F.);
#1166=ORIENTED_EDGE('',*,*,#1745,.F.);
#1167=ORIENTED_EDGE('',*,*,#1746,.T.);
#1168=ORIENTED_EDGE('',*,*,#1747,.F.);
#1169=CARTESIAN_POINT('',(-0.0251376523975537,5.3284178368858,11.0066613234908));
#1170=DIRECTION('',(0.707106781186547,0.0,-0.707106781186547));
#1171=DIRECTION('',(0.0,-1.0,0.0));
#1172=ORIENTED_EDGE('',*,*,#1715,.F.);
#1173=ORIENTED_EDGE('',*,*,#1748,.F.);
#1174=ORIENTED_EDGE('',*,*,#1746,.F.);
#1175=ORIENTED_EDGE('',*,*,#1749,.F.);
#1176=ORIENTED_EDGE('',*,*,#1709,.F.);
#1177=ORIENTED_EDGE('',*,*,#1680,.F.);
#1178=ORIENTED_EDGE('',*,*,#1677,.F.);
#1179=CARTESIAN_POINT('',(3.37486234760245,3.4284178368858,7.50666132349076));
#1180=DIRECTION('',(0.0,-1.0,0.0));
#1181=DIRECTION('',(0.0,0.0,-1.0));
#1182=ORIENTED_EDGE('',*,*,#1742,.F.);
#1183=ORIENTED_EDGE('',*,*,#1750,.F.);
#1184=ORIENTED_EDGE('',*,*,#1751,.T.);
#1185=ORIENTED_EDGE('',*,*,#1752,.F.);
#1186=CARTESIAN_POINT('',(6.87486234760244,5.3284178368858,10.9066613234908));
#1187=DIRECTION('',(-0.707106781186547,0.0,-0.707106781186547));
#1188=DIRECTION('',(-0.707106781186548,0.0,0.707106781186548));
#1189=ORIENTED_EDGE('',*,*,#1753,.F.);
#1190=ORIENTED_EDGE('',*,*,#1754,.F.);
#1191=ORIENTED_EDGE('',*,*,#1751,.F.);
#1192=ORIENTED_EDGE('',*,*,#1755,.F.);
#1193=ORIENTED_EDGE('',*,*,#1704,.F.);
#1194=ORIENTED_EDGE('',*,*,#1666,.F.);
#1195=ORIENTED_EDGE('',*,*,#1699,.F.);
#1196=CARTESIAN_POINT('',(3.37486234760245,3.4284178368858,7.50666132349076));
#1197=DIRECTION('',(0.0,-1.0,0.0));
#1198=DIRECTION('',(0.0,0.0,-1.0));
#1199=ORIENTED_EDGE('',*,*,#1698,.T.);
#1200=ORIENTED_EDGE('',*,*,#1726,.T.);
#1201=ORIENTED_EDGE('',*,*,#1756,.T.);
#1202=ORIENTED_EDGE('',*,*,#1753,.T.);
#1203=CARTESIAN_POINT('',(5.44986234760245,4.3284178368858,9.58346094402965));
#1204=DIRECTION('',(-2.81881257628475E-47,9.26212846446639E-32,1.0));
#1205=DIRECTION('',(0.0,-1.0,9.26212846446639E-32));
#1206=ORIENTED_EDGE('',*,*,#1734,.T.);
#1207=ORIENTED_EDGE('',*,*,#1737,.F.);
#1208=ORIENTED_EDGE('',*,*,#1752,.T.);
#1209=ORIENTED_EDGE('',*,*,#1754,.T.);
#1210=ORIENTED_EDGE('',*,*,#1756,.F.);
#1211=ORIENTED_EDGE('',*,*,#1725,.T.);
#1212=ORIENTED_EDGE('',*,*,#1689,.T.);
#1213=ORIENTED_EDGE('',*,*,#1744,.T.);
#1214=CARTESIAN_POINT('',(6.87486234760244,5.3284178368858,11.0066613234908));
#1215=DIRECTION('',(-1.0,0.0,0.0));
#1216=DIRECTION('',(0.0,0.0,1.0));
#1217=ORIENTED_EDGE('',*,*,#1728,.T.);
#1218=ORIENTED_EDGE('',*,*,#1738,.F.);
#1219=ORIENTED_EDGE('',*,*,#1736,.T.);
#1220=ORIENTED_EDGE('',*,*,#1743,.T.);
#1221=ORIENTED_EDGE('',*,*,#1693,.F.);
#1222=ORIENTED_EDGE('',*,*,#1724,.T.);
#1223=ORIENTED_EDGE('',*,*,#1718,.T.);
#1224=ORIENTED_EDGE('',*,*,#1732,.T.);
#1225=CARTESIAN_POINT('',(6.87486234760244,5.3284178368858,4.00666132349076));
#1226=DIRECTION('',(1.90242112769636E-48,1.53533956025768E-32,1.0));
#1227=DIRECTION('',(0.0,-1.0,1.53533956025768E-32));
#1228=ORIENTED_EDGE('',*,*,#1750,.T.);
#1229=ORIENTED_EDGE('',*,*,#1741,.F.);
#1230=ORIENTED_EDGE('',*,*,#1747,.T.);
#1231=ORIENTED_EDGE('',*,*,#1748,.T.);
#1232=ORIENTED_EDGE('',*,*,#1714,.F.);
#1233=ORIENTED_EDGE('',*,*,#1722,.T.);
#1234=ORIENTED_EDGE('',*,*,#1705,.T.);
#1235=ORIENTED_EDGE('',*,*,#1755,.T.);
#1236=CARTESIAN_POINT('',(6.87486234760244,5.3284178368858,11.0066613234908));
#1237=DIRECTION('',(-1.23908819712629E-16,0.0,-1.0));
#1238=DIRECTION('',(-1.0,0.0,1.23908819712629E-16));
#1239=ORIENTED_EDGE('',*,*,#1745,.T.);
#1240=ORIENTED_EDGE('',*,*,#1739,.F.);
#1241=ORIENTED_EDGE('',*,*,#1730,.T.);
#1242=ORIENTED_EDGE('',*,*,#1731,.T.);
#1243=ORIENTED_EDGE('',*,*,#1684,.F.);
#1244=ORIENTED_EDGE('',*,*,#1723,.T.);
#1245=ORIENTED_EDGE('',*,*,#1710,.T.);
#1246=ORIENTED_EDGE('',*,*,#1749,.T.);
#1247=CARTESIAN_POINT('',(-0.125137652397554,5.3284178368858,11.0066613234908));
#1248=DIRECTION('',(1.0,0.0,0.0));
#1249=DIRECTION('',(0.0,1.0,0.0));
#1250=ORIENTED_EDGE('',*,*,#1716,.F.);
#1251=ORIENTED_EDGE('',*,*,#1681,.F.);
#1252=ORIENTED_EDGE('',*,*,#1660,.F.);
#1253=ORIENTED_EDGE('',*,*,#1657,.F.);
#1254=CARTESIAN_POINT('',(3.37486234760245,-0.481582163114202,7.50666132349076));
#1255=DIRECTION('',(0.0,-1.0,0.0));
#1256=DIRECTION('',(0.0,0.0,-1.0));
#1257=ORIENTED_EDGE('',*,*,#1679,.F.);
#1258=ORIENTED_EDGE('',*,*,#1708,.F.);
#1259=ORIENTED_EDGE('',*,*,#1712,.F.);
#1260=ORIENTED_EDGE('',*,*,#1675,.F.);
#1261=CARTESIAN_POINT('',(3.37486234760245,-0.481582163114202,7.50666132349076));
#1262=DIRECTION('',(0.0,-1.0,0.0));
#1263=DIRECTION('',(0.0,0.0,-1.0));
#1264=ORIENTED_EDGE('',*,*,#1703,.F.);
#1265=ORIENTED_EDGE('',*,*,#1700,.F.);
#1266=ORIENTED_EDGE('',*,*,#1695,.F.);
#1267=ORIENTED_EDGE('',*,*,#1664,.F.);
#1268=CARTESIAN_POINT('',(3.37486234760245,-0.481582163114202,7.50666132349076));
#1269=DIRECTION('',(0.0,-1.0,0.0));
#1270=DIRECTION('',(0.0,0.0,-1.0));
#1271=ORIENTED_EDGE('',*,*,#1672,.F.);
#1272=ORIENTED_EDGE('',*,*,#1687,.F.);
#1273=ORIENTED_EDGE('',*,*,#1691,.F.);
#1274=ORIENTED_EDGE('',*,*,#1668,.F.);
#1275=CARTESIAN_POINT('',(3.37486234760245,-0.481582163114202,7.50666132349076));
#1276=DIRECTION('',(0.0,-1.0,0.0));
#1277=DIRECTION('',(0.0,0.0,-1.0));
#1278=ORIENTED_EDGE('',*,*,#1757,.T.);
#1279=ORIENTED_EDGE('',*,*,#1758,.T.);
#1280=CARTESIAN_POINT('',(3.37486234760245,-0.481582163114202,7.50666132349076));
#1281=DIRECTION('',(0.0,-1.0,0.0));
#1282=DIRECTION('',(0.0,0.0,-1.0));
#1283=ORIENTED_EDGE('',*,*,#1759,.F.);
#1284=ORIENTED_EDGE('',*,*,#1757,.F.);
#1285=ORIENTED_EDGE('',*,*,#1760,.F.);
#1286=ORIENTED_EDGE('',*,*,#1651,.F.);
#1287=CARTESIAN_POINT('',(3.37486234760245,-0.3815821631142,7.50666132349076));
#1288=DIRECTION('',(-0.0,1.0,-0.0));
#1289=DIRECTION('',(0.0,0.0,1.0));
#1290=ORIENTED_EDGE('',*,*,#1760,.T.);
#1291=ORIENTED_EDGE('',*,*,#1758,.F.);
#1292=ORIENTED_EDGE('',*,*,#1759,.T.);
#1293=ORIENTED_EDGE('',*,*,#1654,.F.);
#1294=CARTESIAN_POINT('',(3.37486234760245,-0.3815821631142,7.50666132349076));
#1295=DIRECTION('',(-0.0,1.0,-0.0));
#1296=DIRECTION('',(0.0,0.0,1.0));
#1297=ORIENTED_EDGE('',*,*,#1761,.F.);
#1298=ORIENTED_EDGE('',*,*,#1762,.T.);
#1299=ORIENTED_EDGE('',*,*,#1763,.F.);
#1300=ORIENTED_EDGE('',*,*,#1764,.F.);
#1301=CARTESIAN_POINT('',(3.37486234760245,19.4684178368858,7.50666132349076));
#1302=DIRECTION('',(0.0,1.0,0.0));
#1303=DIRECTION('',(0.0,0.0,-1.0));
#1304=ORIENTED_EDGE('',*,*,#1765,.F.);
#1305=ORIENTED_EDGE('',*,*,#1766,.T.);
#1306=ORIENTED_EDGE('',*,*,#1767,.T.);
#1307=ORIENTED_EDGE('',*,*,#1768,.F.);
#1308=CARTESIAN_POINT('',(3.37486234760245,9.7684178368858,13.3066613234908));
#1309=DIRECTION('',(0.0,0.0,-1.0));
#1310=DIRECTION('',(1.0,0.0,0.0));
#1311=ORIENTED_EDGE('',*,*,#1769,.F.);
#1312=ORIENTED_EDGE('',*,*,#1770,.T.);
#1313=ORIENTED_EDGE('',*,*,#1771,.T.);
#1314=ORIENTED_EDGE('',*,*,#1772,.F.);
#1315=CARTESIAN_POINT('',(3.37486234760245,9.7684178368858,14.3066613234908));
#1316=DIRECTION('',(0.0,0.0,-1.0));
#1317=DIRECTION('',(1.0,0.0,0.0));
#1318=ORIENTED_EDGE('',*,*,#1773,.F.);
#1319=ORIENTED_EDGE('',*,*,#1774,.T.);
#1320=ORIENTED_EDGE('',*,*,#1775,.F.);
#1321=ORIENTED_EDGE('',*,*,#1776,.F.);
#1322=CARTESIAN_POINT('',(3.37486234760245,9.7684178368858,11.1066613234908));
#1323=DIRECTION('',(-1.23908819712629E-16,0.0,-1.0));
#1324=DIRECTION('',(-1.0,0.0,1.23908819712629E-16));
#1325=ORIENTED_EDGE('',*,*,#1777,.T.);
#1326=ORIENTED_EDGE('',*,*,#1778,.T.);
#1327=ORIENTED_EDGE('',*,*,#1779,.F.);
#1328=ORIENTED_EDGE('',*,*,#1780,.F.);
#1329=ORIENTED_EDGE('',*,*,#1781,.T.);
#1330=CARTESIAN_POINT('',(3.37486234760245,9.7684178368858,19.1066613234908));
#1331=DIRECTION('',(0.0,0.0,-1.0));
#1332=DIRECTION('',(1.0,0.0,0.0));
#1333=ORIENTED_EDGE('',*,*,#1782,.F.);
#1334=ORIENTED_EDGE('',*,*,#1783,.T.);
#1335=ORIENTED_EDGE('',*,*,#1784,.T.);
#1336=ORIENTED_EDGE('',*,*,#1785,.F.);
#1337=CARTESIAN_POINT('',(3.37486234760245,9.7684178368858,13.1066613234908));
#1338=DIRECTION('',(0.0,0.0,1.0));
#1339=DIRECTION('',(-1.0,0.0,0.0));
#1340=ORIENTED_EDGE('',*,*,#1786,.F.);
#1341=ORIENTED_EDGE('',*,*,#1787,.T.);
#1342=ORIENTED_EDGE('',*,*,#1788,.T.);
#1343=ORIENTED_EDGE('',*,*,#1789,.F.);
#1344=CARTESIAN_POINT('',(3.37486234760245,9.7684178368858,19.1066613234908));
#1345=DIRECTION('',(0.0,0.0,-1.0));
#1346=DIRECTION('',(1.0,0.0,0.0));
#1347=ORIENTED_EDGE('',*,*,#1790,.F.);
#1348=ORIENTED_EDGE('',*,*,#1791,.T.);
#1349=ORIENTED_EDGE('',*,*,#1792,.T.);
#1350=ORIENTED_EDGE('',*,*,#1793,.F.);
#1351=CARTESIAN_POINT('',(3.37486234760245,9.7684178368858,19.1066613234908));
#1352=DIRECTION('',(0.0,0.0,-1.0));
#1353=DIRECTION('',(1.0,0.0,0.0));
#1354=ORIENTED_EDGE('',*,*,#1794,.F.);
#1355=ORIENTED_EDGE('',*,*,#1795,.T.);
#1356=ORIENTED_EDGE('',*,*,#1796,.T.);
#1357=ORIENTED_EDGE('',*,*,#1797,.F.);
#1358=CARTESIAN_POINT('',(3.37486234760245,9.7684178368858,19.1066613234908));
#1359=DIRECTION('',(0.0,0.0,-1.0));
#1360=DIRECTION('',(1.0,0.0,0.0));
#1361=ORIENTED_EDGE('',*,*,#1798,.F.);
#1362=ORIENTED_EDGE('',*,*,#1799,.T.);
#1363=ORIENTED_EDGE('',*,*,#1800,.T.);
#1364=ORIENTED_EDGE('',*,*,#1801,.F.);
#1365=CARTESIAN_POINT('',(3.37486234760245,9.7684178368858,19.1066613234908));
#1366=DIRECTION('',(0.0,0.0,-1.0));
#1367=DIRECTION('',(1.0,0.0,0.0));
#1368=ORIENTED_EDGE('',*,*,#1802,.F.);
#1369=ORIENTED_EDGE('',*,*,#1803,.T.);
#1370=ORIENTED_EDGE('',*,*,#1804,.T.);
#1371=ORIENTED_EDGE('',*,*,#1805,.F.);
#1372=CARTESIAN_POINT('',(3.37486234760245,9.7684178368858,19.1066613234908));
#1373=DIRECTION('',(0.0,0.0,-1.0));
#1374=DIRECTION('',(1.0,0.0,0.0));
#1375=ORIENTED_EDGE('',*,*,#1806,.F.);
#1376=ORIENTED_EDGE('',*,*,#1807,.T.);
#1377=ORIENTED_EDGE('',*,*,#1808,.T.);
#1378=ORIENTED_EDGE('',*,*,#1809,.F.);
#1379=CARTESIAN_POINT('',(3.37486234760245,9.7684178368858,19.1066613234908));
#1380=DIRECTION('',(0.0,0.0,-1.0));
#1381=DIRECTION('',(1.0,0.0,0.0));
#1382=ORIENTED_EDGE('',*,*,#1810,.F.);
#1383=ORIENTED_EDGE('',*,*,#1811,.T.);
#1384=ORIENTED_EDGE('',*,*,#1812,.T.);
#1385=ORIENTED_EDGE('',*,*,#1813,.F.);
#1386=CARTESIAN_POINT('',(3.37486234760245,9.7684178368858,19.1066613234908));
#1387=DIRECTION('',(0.0,0.0,-1.0));
#1388=DIRECTION('',(1.0,0.0,0.0));
#1389=ORIENTED_EDGE('',*,*,#1814,.F.);
#1390=ORIENTED_EDGE('',*,*,#1793,.T.);
#1391=ORIENTED_EDGE('',*,*,#1815,.T.);
#1392=ORIENTED_EDGE('',*,*,#1816,.T.);
#1393=CARTESIAN_POINT('',(3.37486234760245,9.7684178368858,19.1066613234908));
#1394=DIRECTION('',(0.0,0.0,-1.0));
#1395=DIRECTION('',(1.0,0.0,0.0));
#1396=ORIENTED_EDGE('',*,*,#1791,.F.);
#1397=ORIENTED_EDGE('',*,*,#1817,.F.);
#1398=ORIENTED_EDGE('',*,*,#1797,.T.);
#1399=ORIENTED_EDGE('',*,*,#1818,.T.);
#1400=CARTESIAN_POINT('',(3.37486234760245,9.7684178368858,19.1066613234908));
#1401=DIRECTION('',(0.0,0.0,-1.0));
#1402=DIRECTION('',(1.0,0.0,0.0));
#1403=ORIENTED_EDGE('',*,*,#1795,.F.);
#1404=ORIENTED_EDGE('',*,*,#1819,.F.);
#1405=ORIENTED_EDGE('',*,*,#1801,.T.);
#1406=ORIENTED_EDGE('',*,*,#1820,.T.);
#1407=CARTESIAN_POINT('',(3.37486234760245,9.7684178368858,19.1066613234908));
#1408=DIRECTION('',(0.0,0.0,-1.0));
#1409=DIRECTION('',(1.0,0.0,0.0));
#1410=ORIENTED_EDGE('',*,*,#1799,.F.);
#1411=ORIENTED_EDGE('',*,*,#1821,.F.);
#1412=ORIENTED_EDGE('',*,*,#1805,.T.);
#1413=ORIENTED_EDGE('',*,*,#1822,.T.);
#1414=CARTESIAN_POINT('',(3.37486234760245,9.7684178368858,19.1066613234908));
#1415=DIRECTION('',(0.0,0.0,-1.0));
#1416=DIRECTION('',(1.0,0.0,0.0));
#1417=ORIENTED_EDGE('',*,*,#1803,.F.);
#1418=ORIENTED_EDGE('',*,*,#1823,.F.);
#1419=ORIENTED_EDGE('',*,*,#1809,.T.);
#1420=ORIENTED_EDGE('',*,*,#1824,.T.);
#1421=CARTESIAN_POINT('',(3.37486234760245,9.7684178368858,19.1066613234908));
#1422=DIRECTION('',(0.0,0.0,-1.0));
#1423=DIRECTION('',(1.0,0.0,0.0));
#1424=ORIENTED_EDGE('',*,*,#1807,.F.);
#1425=ORIENTED_EDGE('',*,*,#1825,.F.);
#1426=ORIENTED_EDGE('',*,*,#1813,.T.);
#1427=ORIENTED_EDGE('',*,*,#1826,.T.);
#1428=CARTESIAN_POINT('',(3.37486234760245,9.7684178368858,19.1066613234908));
#1429=DIRECTION('',(0.0,0.0,-1.0));
#1430=DIRECTION('',(1.0,0.0,0.0));
#1431=ORIENTED_EDGE('',*,*,#1811,.F.);
#1432=ORIENTED_EDGE('',*,*,#1827,.F.);
#1433=ORIENTED_EDGE('',*,*,#1789,.T.);
#1434=ORIENTED_EDGE('',*,*,#1828,.T.);
#1435=CARTESIAN_POINT('',(3.37486234760245,9.7684178368858,19.1066613234908));
#1436=DIRECTION('',(0.0,0.0,-1.0));
#1437=DIRECTION('',(1.0,0.0,0.0));
#1438=ORIENTED_EDGE('',*,*,#1787,.F.);
#1439=ORIENTED_EDGE('',*,*,#1829,.F.);
#1440=ORIENTED_EDGE('',*,*,#1830,.F.);
#1441=ORIENTED_EDGE('',*,*,#1831,.T.);
#1442=CARTESIAN_POINT('',(3.37486234760245,9.7684178368858,19.1066613234908));
#1443=DIRECTION('',(0.0,0.0,-1.0));
#1444=DIRECTION('',(1.0,0.0,0.0));
#1445=ORIENTED_EDGE('',*,*,#1832,.F.);
#1446=ORIENTED_EDGE('',*,*,#1833,.T.);
#1447=ORIENTED_EDGE('',*,*,#1834,.F.);
#1448=ORIENTED_EDGE('',*,*,#1835,.T.);
#1449=ORIENTED_EDGE('',*,*,#1836,.T.);
#1450=ORIENTED_EDGE('',*,*,#1837,.T.);
#1451=ORIENTED_EDGE('',*,*,#1838,.T.);
#1452=ORIENTED_EDGE('',*,*,#1839,.T.);
#1453=ORIENTED_EDGE('',*,*,#1840,.T.);
#1454=ORIENTED_EDGE('',*,*,#1773,.T.);
#1455=CARTESIAN_POINT('',(6.87486234760244,12.9184178368858,11.0066613234908));
#1456=DIRECTION('',(-1.23908819712629E-16,0.0,-1.0));
#1457=DIRECTION('',(-1.0,0.0,1.23908819712629E-16));
#1458=ORIENTED_EDGE('',*,*,#1783,.F.);
#1459=ORIENTED_EDGE('',*,*,#1841,.F.);
#1460=ORIENTED_EDGE('',*,*,#1785,.T.);
#1461=ORIENTED_EDGE('',*,*,#1775,.T.);
#1462=CARTESIAN_POINT('',(3.37486234760245,9.7684178368858,13.1066613234908));
#1463=DIRECTION('',(0.0,0.0,1.0));
#1464=DIRECTION('',(-1.0,0.0,0.0));
#1465=ORIENTED_EDGE('',*,*,#1842,.F.);
#1466=ORIENTED_EDGE('',*,*,#1843,.F.);
#1467=ORIENTED_EDGE('',*,*,#1816,.F.);
#1468=ORIENTED_EDGE('',*,*,#1841,.T.);
#1469=ORIENTED_EDGE('',*,*,#1782,.T.);
#1470=CARTESIAN_POINT('',(3.37486234760245,9.7684178368858,13.1066613234908));
#1471=DIRECTION('',(0.0,0.0,-1.0));
#1472=DIRECTION('',(0.0,-1.0,0.0));
#1473=ORIENTED_EDGE('',*,*,#1844,.F.);
#1474=ORIENTED_EDGE('',*,*,#1830,.T.);
#1475=ORIENTED_EDGE('',*,*,#1845,.F.);
#1476=ORIENTED_EDGE('',*,*,#1781,.F.);
#1477=ORIENTED_EDGE('',*,*,#1846,.F.);
#1478=ORIENTED_EDGE('',*,*,#1777,.F.);
#1479=CARTESIAN_POINT('',(3.37486234760245,6.5934178368858,18.1066613234908));
#1480=DIRECTION('',(0.0,0.0,1.0));
#1481=DIRECTION('',(1.0,0.0,0.0));
#1482=ORIENTED_EDGE('',*,*,#1778,.F.);
#1483=ORIENTED_EDGE('',*,*,#1846,.T.);
#1484=ORIENTED_EDGE('',*,*,#1780,.T.);
#1485=ORIENTED_EDGE('',*,*,#1847,.F.);
#1486=CARTESIAN_POINT('',(3.37486234760245,9.7684178368858,19.1066613234908));
#1487=DIRECTION('',(0.0,0.0,-1.0));
#1488=DIRECTION('',(1.0,0.0,0.0));
#1489=ORIENTED_EDGE('',*,*,#1779,.T.);
#1490=ORIENTED_EDGE('',*,*,#1847,.T.);
#1491=ORIENTED_EDGE('',*,*,#1848,.F.);
#1492=ORIENTED_EDGE('',*,*,#1771,.F.);
#1493=CARTESIAN_POINT('',(3.37486234760245,7.0934178368858,19.1066613234908));
#1494=DIRECTION('',(0.0,0.0,1.0));
#1495=DIRECTION('',(1.0,0.0,0.0));
#1496=ORIENTED_EDGE('',*,*,#1842,.T.);
#1497=ORIENTED_EDGE('',*,*,#1815,.F.);
#1498=ORIENTED_EDGE('',*,*,#1792,.F.);
#1499=ORIENTED_EDGE('',*,*,#1818,.F.);
#1500=ORIENTED_EDGE('',*,*,#1796,.F.);
#1501=ORIENTED_EDGE('',*,*,#1820,.F.);
#1502=ORIENTED_EDGE('',*,*,#1800,.F.);
#1503=ORIENTED_EDGE('',*,*,#1822,.F.);
#1504=ORIENTED_EDGE('',*,*,#1804,.F.);
#1505=ORIENTED_EDGE('',*,*,#1824,.F.);
#1506=ORIENTED_EDGE('',*,*,#1808,.F.);
#1507=ORIENTED_EDGE('',*,*,#1826,.F.);
#1508=ORIENTED_EDGE('',*,*,#1812,.F.);
#1509=ORIENTED_EDGE('',*,*,#1828,.F.);
#1510=ORIENTED_EDGE('',*,*,#1788,.F.);
#1511=ORIENTED_EDGE('',*,*,#1831,.F.);
#1512=ORIENTED_EDGE('',*,*,#1844,.T.);
#1513=ORIENTED_EDGE('',*,*,#1849,.T.);
#1514=ORIENTED_EDGE('',*,*,#1843,.T.);
#1515=ORIENTED_EDGE('',*,*,#1849,.F.);
#1516=ORIENTED_EDGE('',*,*,#1845,.T.);
#1517=ORIENTED_EDGE('',*,*,#1829,.T.);
#1518=ORIENTED_EDGE('',*,*,#1786,.T.);
#1519=ORIENTED_EDGE('',*,*,#1827,.T.);
#1520=ORIENTED_EDGE('',*,*,#1810,.T.);
#1521=ORIENTED_EDGE('',*,*,#1825,.T.);
#1522=ORIENTED_EDGE('',*,*,#1806,.T.);
#1523=ORIENTED_EDGE('',*,*,#1823,.T.);
#1524=ORIENTED_EDGE('',*,*,#1802,.T.);
#1525=ORIENTED_EDGE('',*,*,#1821,.T.);
#1526=ORIENTED_EDGE('',*,*,#1798,.T.);
#1527=ORIENTED_EDGE('',*,*,#1819,.T.);
#1528=ORIENTED_EDGE('',*,*,#1794,.T.);
#1529=ORIENTED_EDGE('',*,*,#1817,.T.);
#1530=ORIENTED_EDGE('',*,*,#1790,.T.);
#1531=ORIENTED_EDGE('',*,*,#1814,.T.);
#1532=ORIENTED_EDGE('',*,*,#1774,.F.);
#1533=ORIENTED_EDGE('',*,*,#1840,.F.);
#1534=ORIENTED_EDGE('',*,*,#1776,.T.);
#1535=ORIENTED_EDGE('',*,*,#1784,.F.);
#1536=CARTESIAN_POINT('',(3.37486234760245,9.7684178368858,11.1066613234908));
#1537=DIRECTION('',(-1.23908819712629E-16,0.0,-1.0));
#1538=DIRECTION('',(-1.0,0.0,1.23908819712629E-16));
#1539=ORIENTED_EDGE('',*,*,#1770,.F.);
#1540=ORIENTED_EDGE('',*,*,#1850,.F.);
#1541=ORIENTED_EDGE('',*,*,#1772,.T.);
#1542=ORIENTED_EDGE('',*,*,#1848,.T.);
#1543=CARTESIAN_POINT('',(3.37486234760245,9.7684178368858,14.3066613234908));
#1544=DIRECTION('',(0.0,0.0,-1.0));
#1545=DIRECTION('',(1.0,0.0,0.0));
#1546=ORIENTED_EDGE('',*,*,#1850,.T.);
#1547=ORIENTED_EDGE('',*,*,#1769,.T.);
#1548=ORIENTED_EDGE('',*,*,#1851,.F.);
#1549=ORIENTED_EDGE('',*,*,#1767,.F.);
#1550=CARTESIAN_POINT('',(3.37486234760245,9.7684178368858,14.3066613234908));
#1551=DIRECTION('',(0.0,0.0,1.0));
#1552=DIRECTION('',(1.0,0.0,0.0));
#1553=ORIENTED_EDGE('',*,*,#1766,.F.);
#1554=ORIENTED_EDGE('',*,*,#1852,.F.);
#1555=ORIENTED_EDGE('',*,*,#1768,.T.);
#1556=ORIENTED_EDGE('',*,*,#1851,.T.);
#1557=CARTESIAN_POINT('',(3.37486234760245,9.7684178368858,13.3066613234908));
#1558=DIRECTION('',(0.0,0.0,-1.0));
#1559=DIRECTION('',(1.0,0.0,0.0));
#1560=ORIENTED_EDGE('',*,*,#1852,.T.);
#1561=ORIENTED_EDGE('',*,*,#1765,.T.);
#1562=CARTESIAN_POINT('',(3.37486234760245,9.7684178368858,13.3066613234908));
#1563=DIRECTION('',(0.0,0.0,1.0));
#1564=DIRECTION('',(1.0,0.0,0.0));
#1565=ORIENTED_EDGE('',*,*,#1853,.T.);
#1566=ORIENTED_EDGE('',*,*,#1854,.T.);
#1567=ORIENTED_EDGE('',*,*,#1855,.T.);
#1568=ORIENTED_EDGE('',*,*,#1832,.T.);
#1569=ORIENTED_EDGE('',*,*,#1856,.T.);
#1570=ORIENTED_EDGE('',*,*,#1761,.T.);
#1571=CARTESIAN_POINT('',(3.37486234760245,6.2684178368858,7.50666132349076));
#1572=DIRECTION('',(0.0,-1.0,0.0));
#1573=DIRECTION('',(0.0,0.0,-1.0));
#1574=ORIENTED_EDGE('',*,*,#1857,.F.);
#1575=ORIENTED_EDGE('',*,*,#1858,.T.);
#1576=ORIENTED_EDGE('',*,*,#1836,.F.);
#1577=ORIENTED_EDGE('',*,*,#1859,.T.);
#1578=CARTESIAN_POINT('',(3.37486234760245,13.2684178368858,7.50666132349076));
#1579=DIRECTION('',(0.0,1.0,0.0));
#1580=DIRECTION('',(1.0,0.0,-0.0));
#1581=ORIENTED_EDGE('',*,*,#1860,.T.);
#1582=ORIENTED_EDGE('',*,*,#1861,.T.);
#1583=ORIENTED_EDGE('',*,*,#1838,.F.);
#1584=ORIENTED_EDGE('',*,*,#1862,.T.);
#1585=CARTESIAN_POINT('',(-0.125137652397555,12.9184178368858,11.0066613234908));
#1586=DIRECTION('',(1.0,0.0,0.0));
#1587=DIRECTION('',(0.0,1.0,0.0));
#1588=ORIENTED_EDGE('',*,*,#1834,.T.);
#1589=ORIENTED_EDGE('',*,*,#1863,.T.);
#1590=ORIENTED_EDGE('',*,*,#1864,.F.);
#1591=ORIENTED_EDGE('',*,*,#1865,.T.);
#1592=CARTESIAN_POINT('',(6.87486234760244,12.9184178368858,11.0066613234908));
#1593=DIRECTION('',(-1.0,0.0,0.0));
#1594=DIRECTION('',(0.0,0.0,1.0));
#1595=ORIENTED_EDGE('',*,*,#1864,.T.);
#1596=ORIENTED_EDGE('',*,*,#1866,.T.);
#1597=ORIENTED_EDGE('',*,*,#1854,.F.);
#1598=ORIENTED_EDGE('',*,*,#1867,.T.);
#1599=ORIENTED_EDGE('',*,*,#1860,.F.);
#1600=ORIENTED_EDGE('',*,*,#1868,.T.);
#1601=ORIENTED_EDGE('',*,*,#1857,.T.);
#1602=ORIENTED_EDGE('',*,*,#1869,.T.);
#1603=CARTESIAN_POINT('',(6.87486234760244,12.9184178368858,4.00666132349076));
#1604=DIRECTION('',(1.90242112769636E-48,1.53533956025768E-32,1.0));
#1605=DIRECTION('',(0.0,-1.0,1.53533956025768E-32));
#1606=ORIENTED_EDGE('',*,*,#1866,.F.);
#1607=ORIENTED_EDGE('',*,*,#1863,.F.);
#1608=ORIENTED_EDGE('',*,*,#1833,.F.);
#1609=ORIENTED_EDGE('',*,*,#1855,.F.);
#1610=CARTESIAN_POINT('',(6.77486234760245,6.2684178368858,7.50666132349076));
#1611=DIRECTION('',(0.707106781186547,-0.707106781186547,0.0));
#1612=DIRECTION('',(0.0,0.0,-1.0));
#1613=ORIENTED_EDGE('',*,*,#1839,.F.);
#1614=ORIENTED_EDGE('',*,*,#1861,.F.);
#1615=ORIENTED_EDGE('',*,*,#1867,.F.);
#1616=ORIENTED_EDGE('',*,*,#1853,.F.);
#1617=CARTESIAN_POINT('',(-0.0251376523975519,6.2684178368858,7.50666132349076));
#1618=DIRECTION('',(-0.707106781186547,-0.707106781186547,0.0));
#1619=DIRECTION('',(-0.707106781186548,0.707106781186548,0.0));
#1620=ORIENTED_EDGE('',*,*,#1837,.F.);
#1621=ORIENTED_EDGE('',*,*,#1858,.F.);
#1622=ORIENTED_EDGE('',*,*,#1868,.F.);
#1623=ORIENTED_EDGE('',*,*,#1862,.F.);
#1624=CARTESIAN_POINT('',(-0.125137652397555,13.1684178368858,11.0066613234908));
#1625=DIRECTION('',(-0.707106781186547,0.707106781186547,0.0));
#1626=DIRECTION('',(0.0,0.0,1.0));
#1627=ORIENTED_EDGE('',*,*,#1869,.F.);
#1628=ORIENTED_EDGE('',*,*,#1859,.F.);
#1629=ORIENTED_EDGE('',*,*,#1835,.F.);
#1630=ORIENTED_EDGE('',*,*,#1865,.F.);
#1631=CARTESIAN_POINT('',(6.87486234760244,13.1684178368858,11.0066613234908));
#1632=DIRECTION('',(0.707106781186547,0.707106781186547,0.0));
#1633=DIRECTION('',(0.0,0.0,-1.0));
#1634=ORIENTED_EDGE('',*,*,#1762,.F.);
#1635=ORIENTED_EDGE('',*,*,#1856,.F.);
#1636=ORIENTED_EDGE('',*,*,#1764,.T.);
#1637=ORIENTED_EDGE('',*,*,#1870,.F.);
#1638=CARTESIAN_POINT('',(3.37486234760245,19.4684178368858,7.50666132349076));
#1639=DIRECTION('',(0.0,1.0,0.0));
#1640=DIRECTION('',(0.0,0.0,-1.0));
#1641=ORIENTED_EDGE('',*,*,#1763,.T.);
#1642=ORIENTED_EDGE('',*,*,#1870,.T.);
#1643=CARTESIAN_POINT('',(3.37486234760245,5.3284178368858,7.50666132349076));
#1644=DIRECTION('',(0.0,-1.0,0.0));
#1645=DIRECTION('',(0.0,0.0,-1.0));
#1646=EDGE_CURVE('',#1871,#1872,#1873,.T.);
#1647=EDGE_CURVE('',#1871,#1874,#1875,.T.);
#1648=EDGE_CURVE('',#1876,#1874,#1877,.T.);
#1649=EDGE_CURVE('',#1872,#1876,#1878,.T.);
#1650=EDGE_CURVE('',#1879,#1880,#1881,.T.);
#1651=EDGE_CURVE('',#1879,#1882,#1883,.T.);
#1652=EDGE_CURVE('',#1882,#1884,#1885,.T.);
#1653=EDGE_CURVE('',#1884,#1880,#1886,.T.);
#1654=EDGE_CURVE('',#1882,#1879,#1887,.T.);
#1655=EDGE_CURVE('',#1880,#1884,#1888,.T.);
#1656=EDGE_CURVE('',#1889,#1890,#1891,.T.);
#1657=EDGE_CURVE('',#1889,#1892,#1893,.T.);
#1658=EDGE_CURVE('',#1892,#1894,#1895,.T.);
#1659=EDGE_CURVE('',#1894,#1890,#1896,.T.);
#1660=EDGE_CURVE('',#1892,#1897,#1898,.T.);
#1661=EDGE_CURVE('',#1897,#1899,#1900,.T.);
#1662=EDGE_CURVE('',#1899,#1894,#1901,.T.);
#1663=EDGE_CURVE('',#1902,#1903,#1904,.T.);
#1664=EDGE_CURVE('',#1902,#1905,#1906,.T.);
#1665=EDGE_CURVE('',#1905,#1907,#1908,.T.);
#1666=EDGE_CURVE('',#1907,#1903,#1909,.T.);
#1667=EDGE_CURVE('',#1910,#1911,#1912,.T.);
#1668=EDGE_CURVE('',#1910,#1913,#1914,.T.);
#1669=EDGE_CURVE('',#1913,#1915,#1916,.T.);
#1670=EDGE_CURVE('',#1915,#1911,#1917,.T.);
#1671=EDGE_CURVE('',#1918,#1919,#1920,.T.);
#1672=EDGE_CURVE('',#1918,#1910,#1921,.T.);
#1673=EDGE_CURVE('',#1911,#1919,#1922,.T.);
#1674=EDGE_CURVE('',#1923,#1924,#1925,.T.);
#1675=EDGE_CURVE('',#1923,#1926,#1927,.T.);
#1676=EDGE_CURVE('',#1926,#1928,#1929,.T.);
#1677=EDGE_CURVE('',#1928,#1924,#1930,.T.);
#1678=EDGE_CURVE('',#1931,#1932,#1933,.T.);
#1679=EDGE_CURVE('',#1931,#1923,#1934,.T.);
#1680=EDGE_CURVE('',#1924,#1932,#1935,.T.);
#1681=EDGE_CURVE('',#1897,#1936,#1937,.T.);
#1682=EDGE_CURVE('',#1936,#1938,#1939,.T.);
#1683=EDGE_CURVE('',#1938,#1940,#1941,.T.);
#1684=EDGE_CURVE('',#1940,#1942,#1943,.T.);
#1685=EDGE_CURVE('',#1942,#1899,#1944,.T.);
#1686=EDGE_CURVE('',#1945,#1946,#1947,.T.);
#1687=EDGE_CURVE('',#1945,#1918,#1948,.T.);
#1688=EDGE_CURVE('',#1919,#1949,#1950,.T.);
#1689=EDGE_CURVE('',#1951,#1949,#1952,.T.);
#1690=EDGE_CURVE('',#1951,#1946,#1953,.T.);
#1691=EDGE_CURVE('',#1913,#1945,#1954,.T.);
#1692=EDGE_CURVE('',#1946,#1955,#1956,.T.);
#1693=EDGE_CURVE('',#1955,#1957,#1958,.T.);
#1694=EDGE_CURVE('',#1957,#1915,#1959,.T.);
#1695=EDGE_CURVE('',#1905,#1960,#1961,.T.);
#1696=EDGE_CURVE('',#1960,#1962,#1963,.T.);
#1697=EDGE_CURVE('',#1962,#1964,#1965,.T.);
#1698=EDGE_CURVE('',#1966,#1964,#1967,.T.);
#1699=EDGE_CURVE('',#1966,#1907,#1968,.T.);
#1700=EDGE_CURVE('',#1960,#1969,#1970,.T.);
#1701=EDGE_CURVE('',#1969,#1971,#1972,.T.);
#1702=EDGE_CURVE('',#1962,#1971,#1973,.T.);
#1703=EDGE_CURVE('',#1969,#1902,#1974,.T.);
#1704=EDGE_CURVE('',#1903,#1975,#1976,.T.);
#1705=EDGE_CURVE('',#1977,#1975,#1978,.T.);
#1706=EDGE_CURVE('',#1971,#1977,#1979,.T.);
#1707=EDGE_CURVE('',#1980,#1981,#1982,.T.);
#1708=EDGE_CURVE('',#1980,#1931,#1983,.T.);
#1709=EDGE_CURVE('',#1932,#1984,#1985,.T.);
#1710=EDGE_CURVE('',#1986,#1984,#1987,.T.);
#1711=EDGE_CURVE('',#1986,#1981,#1988,.T.);
#1712=EDGE_CURVE('',#1926,#1980,#1989,.T.);
#1713=EDGE_CURVE('',#1981,#1990,#1991,.T.);
#1714=EDGE_CURVE('',#1990,#1992,#1993,.T.);
#1715=EDGE_CURVE('',#1992,#1928,#1994,.T.);
#1716=EDGE_CURVE('',#1936,#1889,#1995,.T.);
#1717=EDGE_CURVE('',#1890,#1996,#1997,.T.);
#1718=EDGE_CURVE('',#1998,#1996,#1999,.T.);
#1719=EDGE_CURVE('',#1998,#1938,#2000,.T.);
#1720=EDGE_CURVE('',#1872,#1871,#2001,.T.);
#1721=EDGE_CURVE('',#1874,#1876,#2002,.T.);
#1722=EDGE_CURVE('',#1990,#1977,#2003,.T.);
#1723=EDGE_CURVE('',#1940,#1986,#2004,.T.);
#1724=EDGE_CURVE('',#1955,#1998,#2005,.T.);
#1725=EDGE_CURVE('',#2006,#1951,#2007,.T.);
#1726=EDGE_CURVE('',#1964,#2006,#2008,.T.);
#1727=EDGE_CURVE('',#2009,#2010,#2011,.T.);
#1728=EDGE_CURVE('',#2012,#2009,#2013,.T.);
#1729=EDGE_CURVE('',#2012,#2014,#2015,.T.);
#1730=EDGE_CURVE('',#2010,#2014,#2016,.T.);
#1731=EDGE_CURVE('',#2014,#1942,#2017,.T.);
#1732=EDGE_CURVE('',#1996,#2012,#2018,.T.);
#1733=EDGE_CURVE('',#2019,#2020,#2021,.T.);
#1734=EDGE_CURVE('',#2022,#2019,#2023,.T.);
#1735=EDGE_CURVE('',#2022,#2024,#2025,.T.);
#1736=EDGE_CURVE('',#2020,#2024,#2026,.T.);
#1737=EDGE_CURVE('',#2027,#2019,#2028,.T.);
#1738=EDGE_CURVE('',#2020,#2009,#2029,.T.);
#1739=EDGE_CURVE('',#2010,#2030,#2031,.T.);
#1740=EDGE_CURVE('',#2030,#2032,#2033,.T.);
#1741=EDGE_CURVE('',#2032,#2034,#2035,.T.);
#1742=EDGE_CURVE('',#2034,#2027,#2036,.T.);
#1743=EDGE_CURVE('',#2024,#1957,#2037,.T.);
#1744=EDGE_CURVE('',#1949,#2022,#2038,.T.);
#1745=EDGE_CURVE('',#2039,#2030,#2040,.T.);
#1746=EDGE_CURVE('',#2039,#2041,#2042,.T.);
#1747=EDGE_CURVE('',#2032,#2041,#2043,.T.);
#1748=EDGE_CURVE('',#2041,#1992,#2044,.T.);
#1749=EDGE_CURVE('',#1984,#2039,#2045,.T.);
#1750=EDGE_CURVE('',#2046,#2034,#2047,.T.);
#1751=EDGE_CURVE('',#2046,#2048,#2049,.T.);
#1752=EDGE_CURVE('',#2027,#2048,#2050,.T.);
#1753=EDGE_CURVE('',#2051,#1966,#2052,.T.);
#1754=EDGE_CURVE('',#2048,#2051,#2053,.T.);
#1755=EDGE_CURVE('',#1975,#2046,#2054,.T.);
#1756=EDGE_CURVE('',#2006,#2051,#2055,.T.);
#1757=EDGE_CURVE('',#2056,#2057,#2058,.T.);
#1758=EDGE_CURVE('',#2057,#2056,#2059,.T.);
#1759=EDGE_CURVE('',#2057,#1879,#2060,.T.);
#1760=EDGE_CURVE('',#1882,#2056,#2061,.T.);
#1761=EDGE_CURVE('',#2062,#2063,#2064,.T.);
#1762=EDGE_CURVE('',#2062,#2065,#2066,.T.);
#1763=EDGE_CURVE('',#2067,#2065,#2068,.T.);
#1764=EDGE_CURVE('',#2063,#2067,#2069,.T.);
#1765=EDGE_CURVE('',#2070,#2071,#2072,.T.);
#1766=EDGE_CURVE('',#2070,#2073,#2074,.T.);
#1767=EDGE_CURVE('',#2073,#2075,#2076,.T.);
#1768=EDGE_CURVE('',#2071,#2075,#2077,.T.);
#1769=EDGE_CURVE('',#2078,#2079,#2080,.T.);
#1770=EDGE_CURVE('',#2078,#2081,#2082,.T.);
#1771=EDGE_CURVE('',#2081,#2083,#2084,.T.);
#1772=EDGE_CURVE('',#2079,#2083,#2085,.T.);
#1773=EDGE_CURVE('',#2086,#2087,#2088,.T.);
#1774=EDGE_CURVE('',#2086,#2089,#2090,.T.);
#1775=EDGE_CURVE('',#2091,#2089,#2092,.T.);
#1776=EDGE_CURVE('',#2087,#2091,#2093,.T.);
#1777=EDGE_CURVE('',#2094,#2095,#2096,.T.);
#1778=EDGE_CURVE('',#2095,#2097,#2098,.T.);
#1779=EDGE_CURVE('',#2099,#2097,#2100,.T.);
#1780=EDGE_CURVE('',#2101,#2099,#2102,.T.);
#1781=EDGE_CURVE('',#2101,#2094,#2103,.T.);
#1782=EDGE_CURVE('',#2104,#2105,#2106,.T.);
#1783=EDGE_CURVE('',#2104,#2089,#2107,.T.);
#1784=EDGE_CURVE('',#2089,#2091,#2108,.T.);
#1785=EDGE_CURVE('',#2105,#2091,#2109,.T.);
#1786=EDGE_CURVE('',#2110,#2111,#2112,.T.);
#1787=EDGE_CURVE('',#2110,#2113,#2114,.T.);
#1788=EDGE_CURVE('',#2113,#2115,#2116,.T.);
#1789=EDGE_CURVE('',#2111,#2115,#2117,.T.);
#1790=EDGE_CURVE('',#2118,#2119,#2120,.T.);
#1791=EDGE_CURVE('',#2118,#2121,#2122,.T.);
#1792=EDGE_CURVE('',#2121,#2123,#2124,.T.);
#1793=EDGE_CURVE('',#2119,#2123,#2125,.T.);
#1794=EDGE_CURVE('',#2126,#2127,#2128,.T.);
#1795=EDGE_CURVE('',#2126,#2129,#2130,.T.);
#1796=EDGE_CURVE('',#2129,#2131,#2132,.T.);
#1797=EDGE_CURVE('',#2127,#2131,#2133,.T.);
#1798=EDGE_CURVE('',#2134,#2135,#2136,.T.);
#1799=EDGE_CURVE('',#2134,#2137,#2138,.T.);
#1800=EDGE_CURVE('',#2137,#2139,#2140,.T.);
#1801=EDGE_CURVE('',#2135,#2139,#2141,.T.);
#1802=EDGE_CURVE('',#2142,#2143,#2144,.T.);
#1803=EDGE_CURVE('',#2142,#2145,#2146,.T.);
#1804=EDGE_CURVE('',#2145,#2147,#2148,.T.);
#1805=EDGE_CURVE('',#2143,#2147,#2149,.T.);
#1806=EDGE_CURVE('',#2150,#2151,#2152,.T.);
#1807=EDGE_CURVE('',#2150,#2153,#2154,.T.);
#1808=EDGE_CURVE('',#2153,#2155,#2156,.T.);
#1809=EDGE_CURVE('',#2151,#2155,#2157,.T.);
#1810=EDGE_CURVE('',#2158,#2159,#2160,.T.);
#1811=EDGE_CURVE('',#2158,#2161,#2162,.T.);
#1812=EDGE_CURVE('',#2161,#2163,#2164,.T.);
#1813=EDGE_CURVE('',#2159,#2163,#2165,.T.);
#1814=EDGE_CURVE('',#2119,#2166,#2167,.T.);
#1815=EDGE_CURVE('',#2123,#2168,#2169,.T.);
#1816=EDGE_CURVE('',#2168,#2166,#2170,.T.);
#1817=EDGE_CURVE('',#2127,#2118,#2171,.T.);
#1818=EDGE_CURVE('',#2131,#2121,#2172,.T.);
#1819=EDGE_CURVE('',#2135,#2126,#2173,.T.);
#1820=EDGE_CURVE('',#2139,#2129,#2174,.T.);
#1821=EDGE_CURVE('',#2143,#2134,#2175,.T.);
#1822=EDGE_CURVE('',#2147,#2137,#2176,.T.);
#1823=EDGE_CURVE('',#2151,#2142,#2177,.T.);
#1824=EDGE_CURVE('',#2155,#2145,#2178,.T.);
#1825=EDGE_CURVE('',#2159,#2150,#2179,.T.);
#1826=EDGE_CURVE('',#2163,#2153,#2180,.T.);
#1827=EDGE_CURVE('',#2111,#2158,#2181,.T.);
#1828=EDGE_CURVE('',#2115,#2161,#2182,.T.);
#1829=EDGE_CURVE('',#2183,#2110,#2184,.T.);
#1830=EDGE_CURVE('',#2185,#2183,#2186,.T.);
#1831=EDGE_CURVE('',#2185,#2113,#2187,.T.);
#1832=EDGE_CURVE('',#2188,#2189,#2190,.T.);
#1833=EDGE_CURVE('',#2188,#2191,#2192,.T.);
#1834=EDGE_CURVE('',#2193,#2191,#2194,.T.);
#1835=EDGE_CURVE('',#2193,#2195,#2196,.T.);
#1836=EDGE_CURVE('',#2195,#2197,#2198,.T.);
#1837=EDGE_CURVE('',#2197,#2199,#2200,.T.);
#1838=EDGE_CURVE('',#2199,#2201,#2202,.T.);
#1839=EDGE_CURVE('',#2201,#2189,#2203,.T.);
#1840=EDGE_CURVE('',#2087,#2086,#2204,.T.);
#1841=EDGE_CURVE('',#2105,#2104,#2205,.T.);
#1842=EDGE_CURVE('',#2206,#2168,#2207,.T.);
#1843=EDGE_CURVE('',#2166,#2206,#2208,.T.);
#1844=EDGE_CURVE('',#2185,#2094,#2209,.T.);
#1845=EDGE_CURVE('',#2094,#2183,#2210,.T.);
#1846=EDGE_CURVE('',#2095,#2101,#2211,.T.);
#1847=EDGE_CURVE('',#2097,#2099,#2212,.T.);
#1848=EDGE_CURVE('',#2083,#2081,#2213,.T.);
#1849=EDGE_CURVE('',#2094,#2206,#2214,.T.);
#1850=EDGE_CURVE('',#2079,#2078,#2215,.T.);
#1851=EDGE_CURVE('',#2075,#2073,#2216,.T.);
#1852=EDGE_CURVE('',#2071,#2070,#2217,.T.);
#1853=EDGE_CURVE('',#2189,#2218,#2219,.T.);
#1854=EDGE_CURVE('',#2218,#2220,#2221,.T.);
#1855=EDGE_CURVE('',#2220,#2188,#2222,.T.);
#1856=EDGE_CURVE('',#2063,#2062,#2223,.T.);
#1857=EDGE_CURVE('',#2224,#2225,#2226,.T.);
#1858=EDGE_CURVE('',#2224,#2197,#2227,.T.);
#1859=EDGE_CURVE('',#2195,#2225,#2228,.T.);
#1860=EDGE_CURVE('',#2229,#2230,#2231,.T.);
#1861=EDGE_CURVE('',#2230,#2201,#2232,.T.);
#1862=EDGE_CURVE('',#2199,#2229,#2233,.T.);
#1863=EDGE_CURVE('',#2191,#2234,#2235,.T.);
#1864=EDGE_CURVE('',#2236,#2234,#2237,.T.);
#1865=EDGE_CURVE('',#2236,#2193,#2238,.T.);
#1866=EDGE_CURVE('',#2234,#2220,#2239,.T.);
#1867=EDGE_CURVE('',#2218,#2230,#2240,.T.);
#1868=EDGE_CURVE('',#2229,#2224,#2241,.T.);
#1869=EDGE_CURVE('',#2225,#2236,#2242,.T.);
#1870=EDGE_CURVE('',#2065,#2067,#2243,.T.);
#1871=VERTEX_POINT('',#2244);
#1872=VERTEX_POINT('',#2245);
#1873=CIRCLE('',#2246,1.9);
#1874=VERTEX_POINT('',#2247);
#1875=LINE('',#2248,#2249);
#1876=VERTEX_POINT('',#2250);
#1877=CIRCLE('',#2251,1.9);
#1878=LINE('',#2252,#2253);
#1879=VERTEX_POINT('',#2254);
#1880=VERTEX_POINT('',#2255);
#1881=LINE('',#2256,#2257);
#1882=VERTEX_POINT('',#2258);
#1883=CIRCLE('',#2259,0.625);
#1884=VERTEX_POINT('',#2260);
#1885=LINE('',#2261,#2262);
#1886=CIRCLE('',#2263,0.625);
#1887=CIRCLE('',#2264,0.625);
#1888=CIRCLE('',#2265,0.625);
#1889=VERTEX_POINT('',#2266);
#1890=VERTEX_POINT('',#2267);
#1891=LINE('',#2268,#2269);
#1892=VERTEX_POINT('',#2270);
#1893=LINE('',#2271,#2272);
#1894=VERTEX_POINT('',#2273);
#1895=LINE('',#2274,#2275);
#1896=LINE('',#2276,#2277);
#1897=VERTEX_POINT('',#2278);
#1898=LINE('',#2279,#2280);
#1899=VERTEX_POINT('',#2281);
#1900=LINE('',#2282,#2283);
#1901=LINE('',#2284,#2285);
#1902=VERTEX_POINT('',#2286);
#1903=VERTEX_POINT('',#2287);
#1904=LINE('',#2288,#2289);
#1905=VERTEX_POINT('',#2290);
#1906=LINE('',#2291,#2292);
#1907=VERTEX_POINT('',#2293);
#1908=LINE('',#2294,#2295);
#1909=LINE('',#2296,#2297);
#1910=VERTEX_POINT('',#2298);
#1911=VERTEX_POINT('',#2299);
#1912=LINE('',#2300,#2301);
#1913=VERTEX_POINT('',#2302);
#1914=LINE('',#2303,#2304);
#1915=VERTEX_POINT('',#2305);
#1916=LINE('',#2306,#2307);
#1917=LINE('',#2308,#2309);
#1918=VERTEX_POINT('',#2310);
#1919=VERTEX_POINT('',#2311);
#1920=LINE('',#2312,#2313);
#1921=LINE('',#2314,#2315);
#1922=LINE('',#2316,#2317);
#1923=VERTEX_POINT('',#2318);
#1924=VERTEX_POINT('',#2319);
#1925=LINE('',#2320,#2321);
#1926=VERTEX_POINT('',#2322);
#1927=LINE('',#2323,#2324);
#1928=VERTEX_POINT('',#2325);
#1929=LINE('',#2326,#2327);
#1930=LINE('',#2328,#2329);
#1931=VERTEX_POINT('',#2330);
#1932=VERTEX_POINT('',#2331);
#1933=LINE('',#2332,#2333);
#1934=LINE('',#2334,#2335);
#1935=LINE('',#2336,#2337);
#1936=VERTEX_POINT('',#2338);
#1937=LINE('',#2339,#2340);
#1938=VERTEX_POINT('',#2341);
#1939=LINE('',#2342,#2343);
#1940=VERTEX_POINT('',#2344);
#1941=LINE('',#2345,#2346);
#1942=VERTEX_POINT('',#2347);
#1943=LINE('',#2348,#2349);
#1944=LINE('',#2350,#2351);
#1945=VERTEX_POINT('',#2352);
#1946=VERTEX_POINT('',#2353);
#1947=LINE('',#2354,#2355);
#1948=LINE('',#2356,#2357);
#1949=VERTEX_POINT('',#2358);
#1950=LINE('',#2359,#2360);
#1951=VERTEX_POINT('',#2361);
#1952=LINE('',#2362,#2363);
#1953=LINE('',#2364,#2365);
#1954=LINE('',#2366,#2367);
#1955=VERTEX_POINT('',#2368);
#1956=LINE('',#2369,#2370);
#1957=VERTEX_POINT('',#2371);
#1958=LINE('',#2372,#2373);
#1959=LINE('',#2374,#2375);
#1960=VERTEX_POINT('',#2376);
#1961=LINE('',#2377,#2378);
#1962=VERTEX_POINT('',#2379);
#1963=LINE('',#2380,#2381);
#1964=VERTEX_POINT('',#2382);
#1965=LINE('',#2383,#2384);
#1966=VERTEX_POINT('',#2385);
#1967=LINE('',#2386,#2387);
#1968=LINE('',#2388,#2389);
#1969=VERTEX_POINT('',#2390);
#1970=LINE('',#2391,#2392);
#1971=VERTEX_POINT('',#2393);
#1972=LINE('',#2394,#2395);
#1973=LINE('',#2396,#2397);
#1974=LINE('',#2398,#2399);
#1975=VERTEX_POINT('',#2400);
#1976=LINE('',#2401,#2402);
#1977=VERTEX_POINT('',#2403);
#1978=LINE('',#2404,#2405);
#1979=LINE('',#2406,#2407);
#1980=VERTEX_POINT('',#2408);
#1981=VERTEX_POINT('',#2409);
#1982=LINE('',#2410,#2411);
#1983=LINE('',#2412,#2413);
#1984=VERTEX_POINT('',#2414);
#1985=LINE('',#2415,#2416);
#1986=VERTEX_POINT('',#2417);
#1987=LINE('',#2418,#2419);
#1988=LINE('',#2420,#2421);
#1989=LINE('',#2422,#2423);
#1990=VERTEX_POINT('',#2424);
#1991=LINE('',#2425,#2426);
#1992=VERTEX_POINT('',#2427);
#1993=LINE('',#2428,#2429);
#1994=LINE('',#2430,#2431);
#1995=LINE('',#2432,#2433);
#1996=VERTEX_POINT('',#2434);
#1997=LINE('',#2435,#2436);
#1998=VERTEX_POINT('',#2437);
#1999=LINE('',#2438,#2439);
#2000=LINE('',#2440,#2441);
#2001=CIRCLE('',#2442,1.9);
#2002=CIRCLE('',#2443,1.9);
#2003=LINE('',#2444,#2445);
#2004=LINE('',#2446,#2447);
#2005=LINE('',#2448,#2449);
#2006=VERTEX_POINT('',#2450);
#2007=LINE('',#2451,#2452);
#2008=LINE('',#2453,#2454);
#2009=VERTEX_POINT('',#2455);
#2010=VERTEX_POINT('',#2456);
#2011=LINE('',#2457,#2458);
#2012=VERTEX_POINT('',#2459);
#2013=LINE('',#2460,#2461);
#2014=VERTEX_POINT('',#2462);
#2015=LINE('',#2463,#2464);
#2016=LINE('',#2465,#2466);
#2017=LINE('',#2467,#2468);
#2018=LINE('',#2469,#2470);
#2019=VERTEX_POINT('',#2471);
#2020=VERTEX_POINT('',#2472);
#2021=LINE('',#2473,#2474);
#2022=VERTEX_POINT('',#2475);
#2023=LINE('',#2476,#2477);
#2024=VERTEX_POINT('',#2478);
#2025=LINE('',#2479,#2480);
#2026=LINE('',#2481,#2482);
#2027=VERTEX_POINT('',#2483);
#2028=LINE('',#2484,#2485);
#2029=LINE('',#2486,#2487);
#2030=VERTEX_POINT('',#2488);
#2031=LINE('',#2489,#2490);
#2032=VERTEX_POINT('',#2491);
#2033=LINE('',#2492,#2493);
#2034=VERTEX_POINT('',#2494);
#2035=LINE('',#2495,#2496);
#2036=LINE('',#2497,#2498);
#2037=LINE('',#2499,#2500);
#2038=LINE('',#2501,#2502);
#2039=VERTEX_POINT('',#2503);
#2040=LINE('',#2504,#2505);
#2041=VERTEX_POINT('',#2506);
#2042=LINE('',#2507,#2508);
#2043=LINE('',#2509,#2510);
#2044=LINE('',#2511,#2512);
#2045=LINE('',#2513,#2514);
#2046=VERTEX_POINT('',#2515);
#2047=LINE('',#2516,#2517);
#2048=VERTEX_POINT('',#2518);
#2049=LINE('',#2519,#2520);
#2050=LINE('',#2521,#2522);
#2051=VERTEX_POINT('',#2523);
#2052=LINE('',#2524,#2525);
#2053=LINE('',#2526,#2527);
#2054=LINE('',#2528,#2529);
#2055=LINE('',#2530,#2531);
#2056=VERTEX_POINT('',#2532);
#2057=VERTEX_POINT('',#2533);
#2058=CIRCLE('',#2534,0.524999999999998);
#2059=CIRCLE('',#2535,0.524999999999998);
#2060=LINE('',#2536,#2537);
#2061=LINE('',#2538,#2539);
#2062=VERTEX_POINT('',#2540);
#2063=VERTEX_POINT('',#2541);
#2064=CIRCLE('',#2542,3.3);
#2065=VERTEX_POINT('',#2543);
#2066=LINE('',#2544,#2545);
#2067=VERTEX_POINT('',#2546);
#2068=CIRCLE('',#2547,3.3);
#2069=LINE('',#2548,#2549);
#2070=VERTEX_POINT('',#2550);
#2071=VERTEX_POINT('',#2551);
#2072=CIRCLE('',#2552,0.45);
#2073=VERTEX_POINT('',#2553);
#2074=LINE('',#2554,#2555);
#2075=VERTEX_POINT('',#2556);
#2076=CIRCLE('',#2557,0.45);
#2077=LINE('',#2558,#2559);
#2078=VERTEX_POINT('',#2560);
#2079=VERTEX_POINT('',#2561);
#2080=CIRCLE('',#2562,2.3);
#2081=VERTEX_POINT('',#2563);
#2082=LINE('',#2564,#2565);
#2083=VERTEX_POINT('',#2566);
#2084=CIRCLE('',#2567,2.3);
#2085=LINE('',#2568,#2569);
#2086=VERTEX_POINT('',#2570);
#2087=VERTEX_POINT('',#2571);
#2088=CIRCLE('',#2572,2.75);
#2089=VERTEX_POINT('',#2573);
#2090=CIRCLE('',#2574,0.1);
#2091=VERTEX_POINT('',#2575);
#2092=CIRCLE('',#2576,2.65);
#2093=CIRCLE('',#2577,0.0999999999999994);
#2094=VERTEX_POINT('',#2578);
#2095=VERTEX_POINT('',#2579);
#2096=CIRCLE('',#2580,2.675);
#2097=VERTEX_POINT('',#2581);
#2098=LINE('',#2582,#2583);
#2099=VERTEX_POINT('',#2584);
#2100=CIRCLE('',#2585,2.675);
#2101=VERTEX_POINT('',#2586);
#2102=LINE('',#2587,#2588);
#2103=CIRCLE('',#2589,2.675);
#2104=VERTEX_POINT('',#2590);
#2105=VERTEX_POINT('',#2591);
#2106=CIRCLE('',#2592,2.65);
#2107=LINE('',#2593,#2594);
#2108=CIRCLE('',#2595,2.65);
#2109=LINE('',#2596,#2597);
#2110=VERTEX_POINT('',#2598);
#2111=VERTEX_POINT('',#2599);
#2112=(B_SPLINE_CURVE(2,(#2601,#2602,#2603,#2604,#2605,#2606,#2607,#2608,#2609),.UNSPECIFIED.,.F.,.F.)B_SPLINE_CURVE_WITH_KNOTS((3,2,2,2,3),(0.365593983966976,0.37590603615494,0.388868313263731,0.401830590372522,0.404480818424731),.UNSPECIFIED.)RATIONAL_B_SPLINE_CURVE((0.956416943427664,0.893417412971423,1.0,0.866025403784439,1.0,0.866025403784439,1.0,0.97260795844789,0.9564169051665))BOUNDED_CURVE()REPRESENTATION_ITEM('')GEOMETRIC_REPRESENTATION_ITEM()CURVE());
#2113=VERTEX_POINT('',#2616);
#2114=LINE('',#2617,#2618);
#2115=VERTEX_POINT('',#2619);
#2116=(B_SPLINE_CURVE(2,(#2621,#2622,#2623,#2624,#2625,#2626,#2627,#2628,#2629),.UNSPECIFIED.,.F.,.F.)B_SPLINE_CURVE_WITH_KNOTS((3,2,2,2,3),(0.284672525405013,0.294871794871795,0.307692307692307,0.32051282051282,0.323134063866552),.UNSPECIFIED.)RATIONAL_B_SPLINE_CURVE((0.9564169051665,0.893417445336549,1.0,0.866025403784439,1.0,0.866025403784439,1.0,0.97260795844789,0.9564169051665))BOUNDED_CURVE()REPRESENTATION_ITEM('')GEOMETRIC_REPRESENTATION_ITEM()CURVE());
#2117=LINE('',#2636,#2637);
#2118=VERTEX_POINT('',#2638);
#2119=VERTEX_POINT('',#2639);
#2120=(B_SPLINE_CURVE(2,(#2641,#2642,#2643,#2644,#2645,#2646,#2647,#2648,#2649),.UNSPECIFIED.,.F.,.F.)B_SPLINE_CURVE_WITH_KNOTS((3,2,2,2,3),(0.832236009673939,0.842548012071415,0.855510289180206,0.868472566288998,0.871122794344532),.UNSPECIFIED.)RATIONAL_B_SPLINE_CURVE((0.956416335060486,0.893417927592473,1.0,0.866025403784439,1.0,0.866025403784439,1.0,0.972607958413533,0.956416905125885))BOUNDED_CURVE()REPRESENTATION_ITEM('')GEOMETRIC_REPRESENTATION_ITEM()CURVE());
#2121=VERTEX_POINT('',#2656);
#2122=LINE('',#2657,#2658);
#2123=VERTEX_POINT('',#2659);
#2124=(B_SPLINE_CURVE(2,(#2661,#2662,#2663,#2664,#2665,#2666,#2667,#2668,#2669),.UNSPECIFIED.,.F.,.F.)B_SPLINE_CURVE_WITH_KNOTS((3,2,2,2,3),(0.746210986943475,0.756410256410257,0.769230769230769,0.782051282051282,0.784672525405013),.UNSPECIFIED.)RATIONAL_B_SPLINE_CURVE((0.956416905166501,0.893417445336548,1.0,0.866025403784439,1.0,0.866025403784439,1.0,0.97260795844789,0.956416905166501))BOUNDED_CURVE()REPRESENTATION_ITEM('')GEOMETRIC_REPRESENTATION_ITEM()CURVE());
#2125=LINE('',#2676,#2677);
#2126=VERTEX_POINT('',#2678);
#2127=VERTEX_POINT('',#2679);
#2128=(B_SPLINE_CURVE(2,(#2681,#2682,#2683,#2684,#2685,#2686,#2687,#2688,#2689),.UNSPECIFIED.,.F.,.F.)B_SPLINE_CURVE_WITH_KNOTS((3,2,2,2,3),(0.754462347021203,0.76477434941867,0.777736626527461,0.790698903636252,0.793349131688461),.UNSPECIFIED.)RATIONAL_B_SPLINE_CURVE((0.956416335060391,0.893417927592554,1.0,0.866025403784439,1.0,0.866025403784439,1.0,0.97260795844789,0.956416905166501))BOUNDED_CURVE()REPRESENTATION_ITEM('')GEOMETRIC_REPRESENTATION_ITEM()CURVE());
#2129=VERTEX_POINT('',#2696);
#2130=LINE('',#2697,#2698);
#2131=VERTEX_POINT('',#2699);
#2132=(B_SPLINE_CURVE(2,(#2701,#2702,#2703,#2704,#2705,#2706,#2707,#2708,#2709),.UNSPECIFIED.,.F.,.F.)B_SPLINE_CURVE_WITH_KNOTS((3,2,2,2,3),(0.669287910020398,0.67948717948718,0.692307692307692,0.705128205128205,0.707749448481936),.UNSPECIFIED.)RATIONAL_B_SPLINE_CURVE((0.9564169051665,0.893417445336549,1.0,0.866025403784439,1.0,0.866025403784439,1.0,0.97260795844789,0.956416905166501))BOUNDED_CURVE()REPRESENTATION_ITEM('')GEOMETRIC_REPRESENTATION_ITEM()CURVE());
#2133=LINE('',#2716,#2717);
#2134=VERTEX_POINT('',#2718);
#2135=VERTEX_POINT('',#2719);
#2136=(B_SPLINE_CURVE(2,(#2721,#2722,#2723,#2724,#2725,#2726,#2727,#2728,#2729),.UNSPECIFIED.,.F.,.F.)B_SPLINE_CURVE_WITH_KNOTS((3,2,2,2,3),(0.676688684368472,0.687000686765924,0.699962963874715,0.712925240983506,0.715575469035716),.UNSPECIFIED.)RATIONAL_B_SPLINE_CURVE((0.956416335060202,0.893417927592714,1.0,0.866025403784439,1.0,0.866025403784439,1.0,0.972607958447888,0.956416905166498))BOUNDED_CURVE()REPRESENTATION_ITEM('')GEOMETRIC_REPRESENTATION_ITEM()CURVE());
#2137=VERTEX_POINT('',#2736);
#2138=LINE('',#2737,#2738);
#2139=VERTEX_POINT('',#2739);
#2140=(B_SPLINE_CURVE(2,(#2741,#2742,#2743,#2744,#2745,#2746,#2747,#2748,#2749),.UNSPECIFIED.,.F.,.F.)B_SPLINE_CURVE_WITH_KNOTS((3,2,2,2,3),(0.592364833097321,0.602564102564103,0.615384615384615,0.628205128205128,0.630826371558859),.UNSPECIFIED.)RATIONAL_B_SPLINE_CURVE((0.9564169051665,0.893417445336549,1.0,0.866025403784439,1.0,0.866025403784439,1.0,0.97260795844789,0.9564169051665))BOUNDED_CURVE()REPRESENTATION_ITEM('')GEOMETRIC_REPRESENTATION_ITEM()CURVE());
#2141=LINE('',#2756,#2757);
#2142=VERTEX_POINT('',#2758);
#2143=VERTEX_POINT('',#2759);
#2144=(B_SPLINE_CURVE(2,(#2761,#2762,#2763,#2764,#2765,#2766,#2767,#2768,#2769),.UNSPECIFIED.,.F.,.F.)B_SPLINE_CURVE_WITH_KNOTS((3,2,2,2,3),(0.598915021715748,0.609227024113176,0.622189301221968,0.635151578330759,0.637801806382969),.UNSPECIFIED.)RATIONAL_B_SPLINE_CURVE((0.956416335059915,0.893417927592956,1.0,0.866025403784439,1.0,0.866025403784439,1.0,0.972607958447892,0.956416905166503))BOUNDED_CURVE()REPRESENTATION_ITEM('')GEOMETRIC_REPRESENTATION_ITEM()CURVE());
#2145=VERTEX_POINT('',#2776);
#2146=LINE('',#2777,#2778);
#2147=VERTEX_POINT('',#2779);
#2148=(B_SPLINE_CURVE(2,(#2781,#2782,#2783,#2784,#2785,#2786,#2787,#2788,#2789),.UNSPECIFIED.,.F.,.F.)B_SPLINE_CURVE_WITH_KNOTS((3,2,2,2,3),(0.515441756174244,0.525641025641026,0.538461538461538,0.551282051282051,0.553903294635783),.UNSPECIFIED.)RATIONAL_B_SPLINE_CURVE((0.9564169051665,0.893417445336549,1.0,0.866025403784439,1.0,0.866025403784439,1.0,0.972607958447888,0.956416905166498))BOUNDED_CURVE()REPRESENTATION_ITEM('')GEOMETRIC_REPRESENTATION_ITEM()CURVE());
#2149=LINE('',#2796,#2797);
#2150=VERTEX_POINT('',#2798);
#2151=VERTEX_POINT('',#2799);
#2152=(B_SPLINE_CURVE(2,(#2801,#2802,#2803,#2804,#2805,#2806,#2807,#2808,#2809),.UNSPECIFIED.,.F.,.F.)B_SPLINE_CURVE_WITH_KNOTS((3,2,2,2,3),(0.521141359062978,0.531453361460432,0.544415638569223,0.557377915678014,0.560028143730223),.UNSPECIFIED.)RATIONAL_B_SPLINE_CURVE((0.956416335060228,0.893417927592692,1.0,0.866025403784439,1.0,0.866025403784439,1.0,0.972607958447894,0.956416905166505))BOUNDED_CURVE()REPRESENTATION_ITEM('')GEOMETRIC_REPRESENTATION_ITEM()CURVE());
#2153=VERTEX_POINT('',#2816);
#2154=LINE('',#2817,#2818);
#2155=VERTEX_POINT('',#2819);
#2156=(B_SPLINE_CURVE(2,(#2821,#2822,#2823,#2824,#2825,#2826,#2827,#2828,#2829),.UNSPECIFIED.,.F.,.F.)B_SPLINE_CURVE_WITH_KNOTS((3,2,2,2,3),(0.438518679251167,0.448717948717949,0.461538461538462,0.474358974358974,0.476980217712706),.UNSPECIFIED.)RATIONAL_B_SPLINE_CURVE((0.9564169051665,0.893417445336549,1.0,0.866025403784439,1.0,0.866025403784439,1.0,0.972607958447889,0.9564169051665))BOUNDED_CURVE()REPRESENTATION_ITEM('')GEOMETRIC_REPRESENTATION_ITEM()CURVE());
#2157=LINE('',#2836,#2837);
#2158=VERTEX_POINT('',#2838);
#2159=VERTEX_POINT('',#2839);
#2160=(B_SPLINE_CURVE(2,(#2841,#2842,#2843,#2844,#2845,#2846,#2847,#2848,#2849),.UNSPECIFIED.,.F.,.F.)B_SPLINE_CURVE_WITH_KNOTS((3,2,2,2,3),(0.443367696410228,0.453679698807685,0.466641975916476,0.479604253025267,0.482254481077478),.UNSPECIFIED.)RATIONAL_B_SPLINE_CURVE((0.956416335060272,0.893417927592655,1.0,0.866025403784439,1.0,0.866025403784439,1.0,0.972607958447884,0.956416905166494))BOUNDED_CURVE()REPRESENTATION_ITEM('')GEOMETRIC_REPRESENTATION_ITEM()CURVE());
#2161=VERTEX_POINT('',#2856);
#2162=LINE('',#2857,#2858);
#2163=VERTEX_POINT('',#2859);
#2164=(B_SPLINE_CURVE(2,(#2861,#2862,#2863,#2864,#2865,#2866,#2867,#2868,#2869),.UNSPECIFIED.,.F.,.F.)B_SPLINE_CURVE_WITH_KNOTS((3,2,2,2,3),(0.36159560232809,0.371794871794872,0.384615384615384,0.397435897435898,0.400057140789629),.UNSPECIFIED.)RATIONAL_B_SPLINE_CURVE((0.9564169051665,0.893417445336549,1.0,0.866025403784439,1.0,0.866025403784439,1.0,0.97260795844789,0.9564169051665))BOUNDED_CURVE()REPRESENTATION_ITEM('')GEOMETRIC_REPRESENTATION_ITEM()CURVE());
#2165=LINE('',#2876,#2877);
#2166=VERTEX_POINT('',#2878);
#2167=(B_SPLINE_CURVE(2,(#2880,#2881,#2882,#2883,#2884),.UNSPECIFIED.,.F.,.F.)B_SPLINE_CURVE_WITH_KNOTS((3,2,3),(0.871122794344532,0.881434843397789,0.88386742576359),.UNSPECIFIED.)RATIONAL_B_SPLINE_CURVE((0.956416905125885,0.893417445370906,1.0,0.974857485495485,0.959151775481766))BOUNDED_CURVE()REPRESENTATION_ITEM('')GEOMETRIC_REPRESENTATION_ITEM()CURVE());
#2168=VERTEX_POINT('',#2891);
#2169=(B_SPLINE_CURVE(2,(#2893,#2894,#2895,#2896,#2897,#2898,#2899),.UNSPECIFIED.,.F.,.F.)B_SPLINE_CURVE_WITH_KNOTS((3,2,2,3),(0.784672525405013,0.794871794871795,0.807692307692308,0.810756655866249),.UNSPECIFIED.)RATIONAL_B_SPLINE_CURVE((0.956416905166501,0.893417445336548,1.0,0.866025403784439,1.0,0.96797750487712,0.951262989369196))BOUNDED_CURVE()REPRESENTATION_ITEM('')GEOMETRIC_REPRESENTATION_ITEM()CURVE());
#2170=CIRCLE('',#2906,3.175);
#2171=(B_SPLINE_CURVE(2,(#2908,#2909,#2910,#2911,#2912,#2913,#2914,#2915,#2916),.UNSPECIFIED.,.F.,.F.)B_SPLINE_CURVE_WITH_KNOTS((3,2,2,2,3),(0.793349131688461,0.803661180745042,0.816623457853833,0.829585734962623,0.832236009673939),.UNSPECIFIED.)RATIONAL_B_SPLINE_CURVE((0.956416905166501,0.893417445336548,1.0,0.866025403784439,1.0,0.866025403784439,1.0,0.972607476191965,0.956416335060486))BOUNDED_CURVE()REPRESENTATION_ITEM('')GEOMETRIC_REPRESENTATION_ITEM()CURVE());
#2172=(B_SPLINE_CURVE(2,(#2924,#2925,#2926,#2927,#2928,#2929,#2930,#2931,#2932),.UNSPECIFIED.,.F.,.F.)B_SPLINE_CURVE_WITH_KNOTS((3,2,2,2,3),(0.707749448481936,0.717948717948718,0.730769230769231,0.743589743589744,0.746210986943475),.UNSPECIFIED.)RATIONAL_B_SPLINE_CURVE((0.956416905166501,0.893417445336548,1.0,0.866025403784439,1.0,0.866025403784439,1.0,0.97260795844789,0.956416905166501))BOUNDED_CURVE()REPRESENTATION_ITEM('')GEOMETRIC_REPRESENTATION_ITEM()CURVE());
#2173=(B_SPLINE_CURVE(2,(#2940,#2941,#2942,#2943,#2944,#2945,#2946,#2947,#2948),.UNSPECIFIED.,.F.,.F.)B_SPLINE_CURVE_WITH_KNOTS((3,2,2,2,3),(0.715575469035716,0.725887518092297,0.738849795201088,0.751812072309879,0.754462347021203),.UNSPECIFIED.)RATIONAL_B_SPLINE_CURVE((0.956416905166498,0.893417445336551,1.0,0.866025403784439,1.0,0.866025403784439,1.0,0.972607476191885,0.956416335060391))BOUNDED_CURVE()REPRESENTATION_ITEM('')GEOMETRIC_REPRESENTATION_ITEM()CURVE());
#2174=(B_SPLINE_CURVE(2,(#2956,#2957,#2958,#2959,#2960,#2961,#2962,#2963,#2964),.UNSPECIFIED.,.F.,.F.)B_SPLINE_CURVE_WITH_KNOTS((3,2,2,2,3),(0.630826371558859,0.641025641025641,0.653846153846154,0.666666666666667,0.669287910020398),.UNSPECIFIED.)RATIONAL_B_SPLINE_CURVE((0.9564169051665,0.893417445336549,1.0,0.866025403784439,1.0,0.866025403784439,1.0,0.97260795844789,0.9564169051665))BOUNDED_CURVE()REPRESENTATION_ITEM('')GEOMETRIC_REPRESENTATION_ITEM()CURVE());
#2175=(B_SPLINE_CURVE(2,(#2972,#2973,#2974,#2975,#2976,#2977,#2978,#2979,#2980),.UNSPECIFIED.,.F.,.F.)B_SPLINE_CURVE_WITH_KNOTS((3,2,2,2,3),(0.637801806382969,0.648113855439551,0.661076132548342,0.674038409657133,0.676688684368472),.UNSPECIFIED.)RATIONAL_B_SPLINE_CURVE((0.956416905166503,0.893417445336547,1.0,0.866025403784439,1.0,0.866025403784439,1.0,0.972607476191725,0.956416335060202))BOUNDED_CURVE()REPRESENTATION_ITEM('')GEOMETRIC_REPRESENTATION_ITEM()CURVE());
#2176=(B_SPLINE_CURVE(2,(#2988,#2989,#2990,#2991,#2992,#2993,#2994,#2995,#2996),.UNSPECIFIED.,.F.,.F.)B_SPLINE_CURVE_WITH_KNOTS((3,2,2,2,3),(0.553903294635783,0.564102564102564,0.576923076923077,0.58974358974359,0.592364833097321),.UNSPECIFIED.)RATIONAL_B_SPLINE_CURVE((0.956416905166498,0.893417445336551,1.0,0.866025403784439,1.0,0.866025403784439,1.0,0.972607958447889,0.9564169051665))BOUNDED_CURVE()REPRESENTATION_ITEM('')GEOMETRIC_REPRESENTATION_ITEM()CURVE());
#2177=(B_SPLINE_CURVE(2,(#3004,#3005,#3006,#3007,#3008,#3009,#3010,#3011,#3012),.UNSPECIFIED.,.F.,.F.)B_SPLINE_CURVE_WITH_KNOTS((3,2,2,2,3),(0.560028143730223,0.570340192786804,0.583302469895594,0.596264747004385,0.598915021715748),.UNSPECIFIED.)RATIONAL_B_SPLINE_CURVE((0.956416905166505,0.893417445336545,1.0,0.866025403784439,1.0,0.866025403784439,1.0,0.972607476191482,0.956416335059915))BOUNDED_CURVE()REPRESENTATION_ITEM('')GEOMETRIC_REPRESENTATION_ITEM()CURVE());
#2178=(B_SPLINE_CURVE(2,(#3020,#3021,#3022,#3023,#3024,#3025,#3026,#3027,#3028),.UNSPECIFIED.,.F.,.F.)B_SPLINE_CURVE_WITH_KNOTS((3,2,2,2,3),(0.476980217712706,0.487179487179487,0.5,0.512820512820513,0.515441756174244),.UNSPECIFIED.)RATIONAL_B_SPLINE_CURVE((0.9564169051665,0.893417445336549,1.0,0.866025403784439,1.0,0.866025403784439,1.0,0.97260795844789,0.9564169051665))BOUNDED_CURVE()REPRESENTATION_ITEM('')GEOMETRIC_REPRESENTATION_ITEM()CURVE());
#2179=(B_SPLINE_CURVE(2,(#3036,#3037,#3038,#3039,#3040,#3041,#3042,#3043,#3044),.UNSPECIFIED.,.F.,.F.)B_SPLINE_CURVE_WITH_KNOTS((3,2,2,2,3),(0.482254481077478,0.492566530134058,0.505528807242849,0.518491084351641,0.521141359062978),.UNSPECIFIED.)RATIONAL_B_SPLINE_CURVE((0.956416905166494,0.893417445336554,1.0,0.866025403784439,1.0,0.866025403784439,1.0,0.972607476191747,0.956416335060228))BOUNDED_CURVE()REPRESENTATION_ITEM('')GEOMETRIC_REPRESENTATION_ITEM()CURVE());
#2180=(B_SPLINE_CURVE(2,(#3052,#3053,#3054,#3055,#3056,#3057,#3058,#3059,#3060),.UNSPECIFIED.,.F.,.F.)B_SPLINE_CURVE_WITH_KNOTS((3,2,2,2,3),(0.400057140789629,0.41025641025641,0.423076923076923,0.435897435897436,0.438518679251167),.UNSPECIFIED.)RATIONAL_B_SPLINE_CURVE((0.9564169051665,0.893417445336549,1.0,0.866025403784439,1.0,0.866025403784439,1.0,0.97260795844789,0.9564169051665))BOUNDED_CURVE()REPRESENTATION_ITEM('')GEOMETRIC_REPRESENTATION_ITEM()CURVE());
#2181=(B_SPLINE_CURVE(2,(#3068,#3069,#3070,#3071,#3072,#3073,#3074,#3075,#3076),.UNSPECIFIED.,.F.,.F.)B_SPLINE_CURVE_WITH_KNOTS((3,2,2,2,3),(0.404480818424731,0.414792867481312,0.427755144590103,0.440717421698894,0.443367696410228),.UNSPECIFIED.)RATIONAL_B_SPLINE_CURVE((0.9564169051665,0.893417445336549,1.0,0.866025403784439,1.0,0.866025403784439,1.0,0.972607476191784,0.956416335060272))BOUNDED_CURVE()REPRESENTATION_ITEM('')GEOMETRIC_REPRESENTATION_ITEM()CURVE());
#2182=(B_SPLINE_CURVE(2,(#3084,#3085,#3086,#3087,#3088,#3089,#3090,#3091,#3092),.UNSPECIFIED.,.F.,.F.)B_SPLINE_CURVE_WITH_KNOTS((3,2,2,2,3),(0.323134063866552,0.333333333333334,0.346153846153846,0.358974358974359,0.36159560232809),.UNSPECIFIED.)RATIONAL_B_SPLINE_CURVE((0.9564169051665,0.893417445336549,1.0,0.866025403784439,1.0,0.866025403784439,1.0,0.97260795844789,0.9564169051665))BOUNDED_CURVE()REPRESENTATION_ITEM('')GEOMETRIC_REPRESENTATION_ITEM()CURVE());
#2183=VERTEX_POINT('',#3099);
#2184=(B_SPLINE_CURVE(2,(#3101,#3102,#3103,#3104,#3105,#3106,#3107,#3108,#3109),.UNSPECIFIED.,.F.,.F.)B_SPLINE_CURVE_WITH_KNOTS((3,2,2,2,3),(0.328308775233898,0.337019204828566,0.349981481937358,0.362943759046149,0.365593983966976),.UNSPECIFIED.)RATIONAL_B_SPLINE_CURVE((0.94093814203648,0.909971351637103,1.0,0.866025403784439,1.0,0.866025403784439,1.0,0.972607990813016,0.956416943427664))BOUNDED_CURVE()REPRESENTATION_ITEM('')GEOMETRIC_REPRESENTATION_ITEM()CURVE());
#2185=VERTEX_POINT('',#3116);
#2186=CIRCLE('',#3117,3.175);
#2187=(B_SPLINE_CURVE(2,(#3119,#3120,#3121,#3122,#3123,#3124,#3125),.UNSPECIFIED.,.F.,.F.)B_SPLINE_CURVE_WITH_KNOTS((3,2,2,3),(0.261240752748033,0.269230769230769,0.282051282051282,0.284672525405013),.UNSPECIFIED.)RATIONAL_B_SPLINE_CURVE((0.937081104500055,0.916504179901636,1.0,0.866025403784439,1.0,0.97260795844789,0.9564169051665))BOUNDED_CURVE()REPRESENTATION_ITEM('')GEOMETRIC_REPRESENTATION_ITEM()CURVE());
#2188=VERTEX_POINT('',#3132);
#2189=VERTEX_POINT('',#3133);
#2190=LINE('',#3134,#3135);
#2191=VERTEX_POINT('',#3136);
#2192=LINE('',#3137,#3138);
#2193=VERTEX_POINT('',#3139);
#2194=LINE('',#3140,#3141);
#2195=VERTEX_POINT('',#3142);
#2196=LINE('',#3143,#3144);
#2197=VERTEX_POINT('',#3145);
#2198=LINE('',#3146,#3147);
#2199=VERTEX_POINT('',#3148);
#2200=LINE('',#3149,#3150);
#2201=VERTEX_POINT('',#3151);
#2202=LINE('',#3152,#3153);
#2203=LINE('',#3154,#3155);
#2204=CIRCLE('',#3156,2.75);
#2205=CIRCLE('',#3157,2.65);
#2206=VERTEX_POINT('',#3158);
#2207=B_SPLINE_CURVE_WITH_KNOTS('',3,(#3159,#3160,#3161,#3162,#3163,#3164,#3165,#3166,#3167,#3168,#3169,#3170,#3171,#3172,#3173,#3174,#3175,#3176,#3177,#3178,#3179,#3180,#3181,#3182,#3183,#3184,#3185,#3186,#3187,#3188,#3189,#3190,#3191,#3192,#3193,#3194,#3195,#3196,#3197,#3198,#3199,#3200,#3201,#3202,#3203,#3204,#3205,#3206,#3207,#3208,#3209,#3210,#3211,#3212,#3213,#3214,#3215,#3216,#3217,#3218,#3219,#3220,#3221,#3222,#3223,#3224,#3225,#3226,#3227,#3228,#3229,#3230,#3231,#3232,#3233,#3234,#3235,#3236,#3237,#3238,#3239,#3240,#3241,#3242,#3243,#3244,#3245,#3246,#3247,#3248,#3249,#3250,#3251,#3252,#3253,#3254,#3255,#3256,#3257),.UNSPECIFIED.,.F.,.F.,(4,2,2,2,1,1,2,2,2,2,2,2,2,1,1,1,2,2,2,2,1,1,1,1,2,2,2,2,2,1,1,1,2,2,2,2,1,1,2,2,2,2,2,1,2,2,2,2,2,2,2,2,2,2,2,2,4),(0.0,0.0312499999999706,0.0468749999999558,0.0546874999999485,0.0585937499999447,0.0605468749999428,0.0615234374999419,0.0624999999999409,0.0937499999999119,0.109374999999897,0.124999999999883,0.187499999999825,0.218749999999795,0.234374999999781,0.242187499999774,0.24609374999977,0.248046874999769,0.249999999999767,0.312499999999724,0.343749999999701,0.359374999999691,0.367187499999685,0.371093749999682,0.373046874999681,0.374023437499681,0.37499999999968,0.437499999999714,0.468749999999731,0.484374999999739,0.492187499999743,0.496093749999745,0.498046874999746,0.499023437499746,0.5,0.562499999999766,0.593749999999776,0.609374999999781,0.617187499999784,0.621093749999785,0.624999999999786,0.656249999999803,0.671874999999811,0.679687499999815,0.683593749999817,0.685546874999819,0.68749999999982,0.718749999999837,0.734374999999845,0.742187499999849,0.749999999999854,0.812499999999889,0.843749999999908,0.859374999999917,0.867187499999921,0.874999999999926,0.937499999999963,1.0),.UNSPECIFIED.);
#2208=B_SPLINE_CURVE_WITH_KNOTS('',3,(#3258,#3259,#3260,#3261,#3262,#3263,#3264,#3265,#3266,#3267,#3268,#3269,#3270,#3271,#3272,#3273,#3274,#3275,#3276,#3277,#3278,#3279,#3280,#3281,#3282,#3283,#3284,#3285,#3286,#3287,#3288,#3289,#3290,#3291,#3292,#3293,#3294,#3295,#3296,#3297,#3298,#3299,#3300,#3301,#3302,#3303,#3304,#3305,#3306,#3307,#3308,#3309,#3310,#3311,#3312,#3313,#3314,#3315,#3316,#3317,#3318,#3319,#3320,#3321,#3322,#3323,#3324,#3325,#3326,#3327,#3328,#3329,#3330,#3331,#3332,#3333,#3334),.UNSPECIFIED.,.F.,.F.,(4,2,2,2,2,2,2,2,2,2,2,2,2,2,2,2,2,1,2,1,1,2,2,2,2,2,1,2,2,2,2,2,2,2,2,2,2,2,1,2,4),(0.0,0.0625000000000006,0.0781250000000007,0.0937500000000008,0.125000000000001,0.140625000000001,0.156250000000002,0.187500000000004,0.250000000000007,0.28125000000001,0.296875000000011,0.312500000000012,0.375000000000017,0.406250000000019,0.42187500000002,0.42578125000002,0.42968750000002,0.437500000000021,0.468750000000024,0.484375000000025,0.492187500000026,0.496093750000026,0.5,0.562500000000023,0.570312500000023,0.574218750000023,0.578125000000023,0.593750000000022,0.62500000000002,0.656250000000019,0.687500000000017,0.750000000000013,0.781250000000011,0.79687500000001,0.812500000000009,0.875000000000006,0.890625000000005,0.898437500000005,0.906250000000004,0.937500000000003,1.0),.UNSPECIFIED.);
#2209=B_SPLINE_CURVE_WITH_KNOTS('',3,(#3335,#3336,#3337,#3338,#3339,#3340,#3341,#3342,#3343,#3344,#3345,#3346,#3347,#3348,#3349,#3350,#3351,#3352,#3353,#3354,#3355,#3356,#3357,#3358,#3359,#3360,#3361,#3362,#3363,#3364,#3365,#3366,#3367,#3368,#3369,#3370,#3371,#3372,#3373,#3374,#3375,#3376,#3377,#3378,#3379,#3380,#3381,#3382,#3383,#3384,#3385,#3386,#3387,#3388,#3389,#3390,#3391,#3392,#3393,#3394,#3395,#3396,#3397,#3398,#3399,#3400,#3401,#3402,#3403,#3404,#3405,#3406,#3407,#3408,#3409,#3410,#3411,#3412,#3413,#3414,#3415,#3416,#3417,#3418,#3419,#3420,#3421,#3422),.UNSPECIFIED.,.F.,.F.,(4,2,2,2,2,2,2,2,2,1,1,1,2,2,2,2,1,1,1,2,2,2,2,2,1,2,2,2,2,2,1,2,2,2,2,2,2,2,2,2,2,2,2,2,2,2,2,4),(0.0,0.0624999999999907,0.093749999999986,0.109374999999984,0.124999999999981,0.187499999999972,0.218749999999967,0.249999999999963,0.281249999999958,0.296874999999956,0.304687499999954,0.308593749999954,0.310546874999953,0.312499999999953,0.343749999999956,0.359374999999958,0.367187499999959,0.371093749999959,0.373046874999959,0.374023437499959,0.374999999999959,0.437499999999953,0.46874999999995,0.484374999999949,0.492187499999948,0.496093749999948,0.5,0.562499999999949,0.59374999999995,0.609374999999951,0.617187499999952,0.621093749999952,0.624999999999953,0.656249999999957,0.671874999999959,0.67968749999996,0.68359374999996,0.68749999999996,0.718749999999963,0.734374999999964,0.742187499999965,0.749999999999965,0.812499999999974,0.843749999999978,0.85937499999998,0.874999999999982,0.937499999999991,1.0),.UNSPECIFIED.);
#2210=B_SPLINE_CURVE_WITH_KNOTS('',3,(#3423,#3424,#3425,#3426,#3427,#3428,#3429,#3430,#3431,#3432,#3433,#3434,#3435,#3436,#3437,#3438,#3439,#3440,#3441,#3442,#3443,#3444,#3445,#3446,#3447,#3448,#3449,#3450,#3451,#3452,#3453,#3454,#3455,#3456,#3457,#3458,#3459,#3460,#3461,#3462,#3463,#3464,#3465,#3466,#3467,#3468,#3469,#3470,#3471,#3472,#3473,#3474,#3475,#3476,#3477,#3478,#3479,#3480,#3481,#3482,#3483,#3484,#3485,#3486,#3487,#3488,#3489,#3490,#3491,#3492,#3493,#3494,#3495,#3496,#3497,#3498,#3499,#3500,#3501,#3502,#3503,#3504,#3505,#3506,#3507,#3508,#3509,#3510,#3511,#3512,#3513,#3514,#3515,#3516,#3517,#3518,#3519,#3520,#3521,#3522,#3523,#3524,#3525,#3526,#3527,#3528,#3529,#3530,#3531),.UNSPECIFIED.,.F.,.F.,(4,2,2,2,2,2,1,2,2,1,2,2,2,2,2,2,1,2,2,2,1,1,2,2,1,2,2,2,2,1,1,2,2,2,1,2,2,1,1,2,2,2,2,1,2,2,2,2,2,2,2,1,2,2,1,2,2,2,2,1,2,4),(0.0,0.062500000000024,0.070312500000027,0.0781250000000301,0.0937500000000366,0.125000000000049,0.140625000000055,0.142578125000056,0.144531250000057,0.14843750000006,0.156250000000066,0.187500000000091,0.25000000000014,0.281250000000165,0.285156250000168,0.289062500000171,0.296875000000177,0.31250000000019,0.37500000000024,0.406250000000265,0.421875000000277,0.42578125000028,0.427734375000281,0.428710937500282,0.429687500000283,0.437500000000288,0.468750000000311,0.484375000000322,0.492187500000328,0.496093750000331,0.498046875000332,0.499023437500332,0.5,0.562500000000305,0.570312500000301,0.5712890625003,0.5722656250003,0.574218750000298,0.578125000000296,0.593750000000287,0.62500000000027,0.656250000000252,0.671875000000243,0.675781250000241,0.67773437500024,0.679687500000238,0.687500000000234,0.750000000000197,0.781250000000179,0.812500000000161,0.875000000000124,0.890625000000116,0.892578125000114,0.894531250000113,0.898437500000108,0.9062500000001,0.937500000000065,0.953125000000047,0.957031250000043,0.960937500000038,0.968750000000031,1.0),.UNSPECIFIED.);
#2211=CIRCLE('',#3532,2.675);
#2212=CIRCLE('',#3533,2.675);
#2213=CIRCLE('',#3534,2.3);
#2214=(B_SPLINE_CURVE(2,(#3536,#3537,#3538,#3539,#3540,#3541,#3542,#3543,#3544,#3545,#3546,#3547,#3548,#3549,#3550,#3551,#3552,#3553,#3554,#3555,#3556,#3557,#3558,#3559,#3560,#3561,#3562,#3563,#3564,#3565,#3566,#3567,#3568,#3569,#3570,#3571,#3572,#3573,#3574,#3575,#3576,#3577,#3578,#3579,#3580,#3581,#3582,#3583,#3584,#3585,#3586,#3587,#3588,#3589,#3590,#3591,#3592,#3593,#3594,#3595,#3596,#3597,#3598,#3599,#3600,#3601,#3602,#3603,#3604,#3605,#3606,#3607,#3608,#3609,#3610,#3611,#3612,#3613,#3614,#3615,#3616,#3617,#3618,#3619,#3620,#3621,#3622,#3623,#3624),.UNSPECIFIED.,.F.,.F.)B_SPLINE_CURVE_WITH_KNOTS((3,2,2,2,2,2,2,2,2,2,2,2,2,2,2,2,2,2,2,2,2,2,2,2,2,2,2,2,2,2,2,2,2,2,2,2,2,2,2,2,2,2,2,2,3),(0.295927424964124,0.298132383099548,0.311094660625616,0.324056938151682,0.33701921567775,0.349981493203817,0.362943770729884,0.375906048255952,0.388868325782019,0.401830603308086,0.414792880834153,0.427755158360221,0.440717435886288,0.453679713412356,0.466641990938423,0.47960426846449,0.492566545990558,0.505528823516625,0.518491101042692,0.531453378568759,0.544415656094827,0.557377933620894,0.570340211146961,0.583302488673029,0.596264766199096,0.609227043725163,0.622189321251231,0.635151598777298,0.648113876303365,0.661076153829432,0.6740384313555,0.687000708881567,0.699962986407634,0.712925263933702,0.725887541459769,0.738849818985836,0.751812096511904,0.764774374037971,0.777736651564038,0.790698929090105,0.803661206616173,0.81662348414224,0.829585761668307,0.842548039194375,0.851472735331602),.UNSPECIFIED.)RATIONAL_B_SPLINE_CURVE((0.962173667769044,0.977210148812847,1.0,0.866025403784439,1.0,0.866025403784439,1.0,0.866025403784439,1.0,0.866025403784439,1.0,0.866025403784439,1.0,0.866025403784439,1.0,0.866025403784439,1.0,0.866025403784439,1.0,0.866025403784439,1.0,0.866025403784439,1.0,0.866025403784439,1.0,0.866025403784439,1.0,0.866025403784439,1.0,0.866025403784439,1.0,0.866025403784439,1.0,0.866025403784439,1.0,0.866025403784439,1.0,0.866025403784439,1.0,0.866025403784439,1.0,0.866025403784439,1.0,0.866025403784439,1.0,0.866025403784439,1.0,0.866025403784439,1.0,0.866025403784439,1.0,0.866025403784439,1.0,0.866025403784439,1.0,0.866025403784439,1.0,0.866025403784439,1.0,0.866025403784439,1.0,0.866025403784439,1.0,0.866025403784439,1.0,0.866025403784439,1.0,0.866025403784439,1.0,0.866025403784439,1.0,0.866025403784439,1.0,0.866025403784439,1.0,0.866025403784439,1.0,0.866025403784439,1.0,0.866025403784439,1.0,0.866025403784439,1.0,0.866025403784439,1.0,0.866025403784439,1.0,0.907756753477384,0.942534849349286))BOUNDED_CURVE()REPRESENTATION_ITEM('')GEOMETRIC_REPRESENTATION_ITEM()CURVE());
#2215=CIRCLE('',#3631,2.3);
#2216=CIRCLE('',#3632,0.45);
#2217=CIRCLE('',#3633,0.45);
#2218=VERTEX_POINT('',#3634);
#2219=LINE('',#3635,#3636);
#2220=VERTEX_POINT('',#3637);
#2221=LINE('',#3638,#3639);
#2222=LINE('',#3640,#3641);
#2223=CIRCLE('',#3642,3.3);
#2224=VERTEX_POINT('',#3643);
#2225=VERTEX_POINT('',#3644);
#2226=LINE('',#3645,#3646);
#2227=LINE('',#3647,#3648);
#2228=LINE('',#3649,#3650);
#2229=VERTEX_POINT('',#3651);
#2230=VERTEX_POINT('',#3652);
#2231=LINE('',#3653,#3654);
#2232=LINE('',#3655,#3656);
#2233=LINE('',#3657,#3658);
#2234=VERTEX_POINT('',#3659);
#2235=LINE('',#3660,#3661);
#2236=VERTEX_POINT('',#3662);
#2237=LINE('',#3663,#3664);
#2238=LINE('',#3665,#3666);
#2239=LINE('',#3667,#3668);
#2240=LINE('',#3669,#3670);
#2241=LINE('',#3671,#3672);
#2242=LINE('',#3673,#3674);
#2243=CIRCLE('',#3675,3.3);
#2244=CARTESIAN_POINT('',(3.37486234760245,4.8284178368858,9.40666132349076));
#2245=CARTESIAN_POINT('',(3.37486234760245,4.8284178368858,5.60666132349076));
#2246=AXIS2_PLACEMENT_3D('',#3676,#3677,#3678);
#2247=CARTESIAN_POINT('',(3.37486234760245,3.8284178368858,9.40666132349076));
#2248=CARTESIAN_POINT('',(3.37486234760245,4.8284178368858,9.40666132349076));
#2249=VECTOR('',#3679,1000.0);
#2250=CARTESIAN_POINT('',(3.37486234760245,3.8284178368858,5.60666132349076));
#2251=AXIS2_PLACEMENT_3D('',#3680,#3681,#3682);
#2252=CARTESIAN_POINT('',(3.37486234760245,4.8284178368858,5.60666132349076));
#2253=VECTOR('',#3683,1000.0);
#2254=CARTESIAN_POINT('',(3.37486234760245,-0.3815821631142,8.13166132349076));
#2255=CARTESIAN_POINT('',(3.37486234760245,4.8284178368858,8.13166132349076));
#2256=CARTESIAN_POINT('',(3.37486234760245,-1.5215821631142,8.13166132349076));
#2257=VECTOR('',#3684,1000.0);
#2258=CARTESIAN_POINT('',(3.37486234760245,-0.3815821631142,6.88166132349076));
#2259=AXIS2_PLACEMENT_3D('',#3685,#3686,#3687);
#2260=CARTESIAN_POINT('',(3.37486234760245,4.8284178368858,6.88166132349076));
#2261=CARTESIAN_POINT('',(3.37486234760245,-1.5215821631142,6.88166132349076));
#2262=VECTOR('',#3688,1000.0);
#2263=AXIS2_PLACEMENT_3D('',#3689,#3690,#3691);
#2264=AXIS2_PLACEMENT_3D('',#3692,#3693,#3694);
#2265=AXIS2_PLACEMENT_3D('',#3695,#3696,#3697);
#2266=CARTESIAN_POINT('',(1.29986234760245,-0.481582163114202,4.43166132349076));
#2267=CARTESIAN_POINT('',(1.29986234760245,3.4284178368858,4.43166132349076));
#2268=CARTESIAN_POINT('',(1.29986234760245,-1.5215821631142,4.43166132349076));
#2269=VECTOR('',#3698,1000.0);
#2270=CARTESIAN_POINT('',(0.299862347602446,-0.481582163114202,4.43166132349076));
#2271=CARTESIAN_POINT('',(1.29986234760245,-0.481582163114202,4.43166132349076));
#2272=VECTOR('',#3699,1000.0);
#2273=CARTESIAN_POINT('',(0.299862347602446,3.4284178368858,4.43166132349076));
#2274=CARTESIAN_POINT('',(0.299862347602446,-1.5215821631142,4.43166132349076));
#2275=VECTOR('',#3700,1000.0);
#2276=CARTESIAN_POINT('',(1.29986234760245,3.4284178368858,4.43166132349076));
#2277=VECTOR('',#3701,1000.0);
#2278=CARTESIAN_POINT('',(0.299862347602446,-0.481582163114202,5.43166132349076));
#2279=CARTESIAN_POINT('',(0.299862347602446,-0.481582163114202,5.43166132349076));
#2280=VECTOR('',#3702,1000.0);
#2281=CARTESIAN_POINT('',(0.299862347602446,3.4284178368858,5.43166132349076));
#2282=CARTESIAN_POINT('',(0.299862347602446,-1.5215821631142,5.43166132349076));
#2283=VECTOR('',#3703,1000.0);
#2284=CARTESIAN_POINT('',(0.299862347602446,3.4284178368858,4.43166132349076));
#2285=VECTOR('',#3704,1000.0);
#2286=CARTESIAN_POINT('',(5.44986234760245,-0.481582163114202,10.5816613234908));
#2287=CARTESIAN_POINT('',(5.44986234760245,3.4284178368858,10.5816613234908));
#2288=CARTESIAN_POINT('',(5.44986234760245,-1.5215821631142,10.5816613234908));
#2289=VECTOR('',#3705,1000.0);
#2290=CARTESIAN_POINT('',(6.44986234760245,-0.481582163114202,10.5816613234908));
#2291=CARTESIAN_POINT('',(5.44986234760245,-0.481582163114202,10.5816613234908));
#2292=VECTOR('',#3706,1000.0);
#2293=CARTESIAN_POINT('',(6.44986234760245,3.4284178368858,10.5816613234908));
#2294=CARTESIAN_POINT('',(6.44986234760245,-1.5215821631142,10.5816613234908));
#2295=VECTOR('',#3707,1000.0);
#2296=CARTESIAN_POINT('',(5.44986234760245,3.4284178368858,10.5816613234908));
#2297=VECTOR('',#3708,1000.0);
#2298=CARTESIAN_POINT('',(6.44986234760245,-0.481582163114202,4.43166132349076));
#2299=CARTESIAN_POINT('',(6.44986234760245,3.4284178368858,4.43166132349076));
#2300=CARTESIAN_POINT('',(6.44986234760245,-1.5215821631142,4.43166132349076));
#2301=VECTOR('',#3709,1000.0);
#2302=CARTESIAN_POINT('',(5.44986234760245,-0.481582163114202,4.43166132349076));
#2303=CARTESIAN_POINT('',(5.44986234760245,-0.481582163114202,4.43166132349076));
#2304=VECTOR('',#3710,1000.0);
#2305=CARTESIAN_POINT('',(5.44986234760245,3.4284178368858,4.43166132349076));
#2306=CARTESIAN_POINT('',(5.44986234760245,-1.5215821631142,4.43166132349076));
#2307=VECTOR('',#3711,1000.0);
#2308=CARTESIAN_POINT('',(6.44986234760245,3.4284178368858,4.43166132349076));
#2309=VECTOR('',#3712,1000.0);
#2310=CARTESIAN_POINT('',(6.44986234760245,-0.481582163114202,5.43166132349076));
#2311=CARTESIAN_POINT('',(6.44986234760245,3.4284178368858,5.43166132349076));
#2312=CARTESIAN_POINT('',(6.44986234760245,-1.5215821631142,5.43166132349076));
#2313=VECTOR('',#3713,1000.0);
#2314=CARTESIAN_POINT('',(6.44986234760245,-0.481582163114202,5.43166132349076));
#2315=VECTOR('',#3714,1000.0);
#2316=CARTESIAN_POINT('',(6.44986234760245,3.4284178368858,5.43166132349076));
#2317=VECTOR('',#3715,1000.0);
#2318=CARTESIAN_POINT('',(0.299862347602446,-0.481582163114202,10.5816613234908));
#2319=CARTESIAN_POINT('',(0.299862347602446,3.4284178368858,10.5816613234908));
#2320=CARTESIAN_POINT('',(0.299862347602446,-1.5215821631142,10.5816613234908));
#2321=VECTOR('',#3716,1000.0);
#2322=CARTESIAN_POINT('',(1.29986234760245,-0.481582163114202,10.5816613234908));
#2323=CARTESIAN_POINT('',(1.29986234760245,-0.481582163114202,10.5816613234908));
#2324=VECTOR('',#3717,1000.0);
#2325=CARTESIAN_POINT('',(1.29986234760245,3.4284178368858,10.5816613234908));
#2326=CARTESIAN_POINT('',(1.29986234760245,-1.5215821631142,10.5816613234908));
#2327=VECTOR('',#3718,1000.0);
#2328=CARTESIAN_POINT('',(0.299862347602446,3.4284178368858,10.5816613234908));
#2329=VECTOR('',#3719,1000.0);
#2330=CARTESIAN_POINT('',(0.299862347602446,-0.481582163114202,9.58166132349076));
#2331=CARTESIAN_POINT('',(0.299862347602446,3.4284178368858,9.58166132349076));
#2332=CARTESIAN_POINT('',(0.299862347602446,-1.5215821631142,9.58166132349076));
#2333=VECTOR('',#3720,1000.0);
#2334=CARTESIAN_POINT('',(0.299862347602446,-0.481582163114202,9.58166132349076));
#2335=VECTOR('',#3721,1000.0);
#2336=CARTESIAN_POINT('',(0.299862347602446,3.4284178368858,9.58166132349076));
#2337=VECTOR('',#3722,1000.0);
#2338=CARTESIAN_POINT('',(1.29986234760245,-0.481582163114202,5.43166132349076));
#2339=CARTESIAN_POINT('',(1.29986234760245,-0.481582163114202,5.43166132349076));
#2340=VECTOR('',#3723,1000.0);
#2341=CARTESIAN_POINT('',(1.29986234760245,3.8284178368858,5.43166132349076));
#2342=CARTESIAN_POINT('',(1.29986234760245,-1.5215821631142,5.43166132349076));
#2343=VECTOR('',#3724,1000.0);
#2344=CARTESIAN_POINT('',(-0.125137652397554,3.8284178368858,5.43166132349076));
#2345=CARTESIAN_POINT('',(1.29986234760245,3.8284178368858,5.43166132349076));
#2346=VECTOR('',#3725,1000.0);
#2347=CARTESIAN_POINT('',(-0.125137652397554,3.4284178368858,5.43166132349076));
#2348=CARTESIAN_POINT('',(-0.125137652397554,4.3284178368858,5.43166132349076));
#2349=VECTOR('',#3726,1000.0);
#2350=CARTESIAN_POINT('',(0.299862347602446,3.4284178368858,5.43166132349076));
#2351=VECTOR('',#3727,1000.0);
#2352=CARTESIAN_POINT('',(5.44986234760245,-0.481582163114202,5.43166132349076));
#2353=CARTESIAN_POINT('',(5.44986234760245,3.8284178368858,5.43166132349076));
#2354=CARTESIAN_POINT('',(5.44986234760245,-1.5215821631142,5.43166132349076));
#2355=VECTOR('',#3728,1000.0);
#2356=CARTESIAN_POINT('',(5.44986234760245,-0.481582163114202,5.43166132349076));
#2357=VECTOR('',#3729,1000.0);
#2358=CARTESIAN_POINT('',(6.87486234760244,3.4284178368858,5.43166132349076));
#2359=CARTESIAN_POINT('',(6.87486234760244,3.4284178368858,5.43166132349076));
#2360=VECTOR('',#3730,1000.0);
#2361=CARTESIAN_POINT('',(6.87486234760244,3.8284178368858,5.43166132349076));
#2362=CARTESIAN_POINT('',(6.87486234760244,4.3284178368858,5.43166132349076));
#2363=VECTOR('',#3731,1000.0);
#2364=CARTESIAN_POINT('',(6.87486234760244,3.8284178368858,5.43166132349076));
#2365=VECTOR('',#3732,1000.0);
#2366=CARTESIAN_POINT('',(5.44986234760245,-0.481582163114202,5.43166132349076));
#2367=VECTOR('',#3733,1000.0);
#2368=CARTESIAN_POINT('',(5.44986234760245,3.8284178368858,4.00666132349076));
#2369=CARTESIAN_POINT('',(5.44986234760245,3.8284178368858,5.43166132349076));
#2370=VECTOR('',#3734,1000.0);
#2371=CARTESIAN_POINT('',(5.44986234760245,3.4284178368858,4.00666132349076));
#2372=CARTESIAN_POINT('',(5.44986234760245,4.3284178368858,4.00666132349076));
#2373=VECTOR('',#3735,1000.0);
#2374=CARTESIAN_POINT('',(5.44986234760245,3.4284178368858,4.43166132349076));
#2375=VECTOR('',#3736,1000.0);
#2376=CARTESIAN_POINT('',(6.44986234760245,-0.481582163114202,9.58166132349076));
#2377=CARTESIAN_POINT('',(6.44986234760245,-0.481582163114202,9.58166132349076));
#2378=VECTOR('',#3737,1000.0);
#2379=CARTESIAN_POINT('',(6.44986234760245,3.8284178368858,9.58166132349076));
#2380=CARTESIAN_POINT('',(6.44986234760245,-1.5215821631142,9.58166132349076));
#2381=VECTOR('',#3738,1000.0);
#2382=CARTESIAN_POINT('',(6.44986234760245,3.8284178368858,9.58346094402965));
#2383=CARTESIAN_POINT('',(6.44986234760245,3.8284178368858,9.58166132349076));
#2384=VECTOR('',#3739,1000.0);
#2385=CARTESIAN_POINT('',(6.44986234760245,3.4284178368858,9.58346094402965));
#2386=CARTESIAN_POINT('',(6.44986234760245,3.4284178368858,9.58346094402965));
#2387=VECTOR('',#3740,1000.0);
#2388=CARTESIAN_POINT('',(6.44986234760245,3.4284178368858,10.5816613234908));
#2389=VECTOR('',#3741,1000.0);
#2390=CARTESIAN_POINT('',(5.44986234760245,-0.481582163114202,9.58166132349076));
#2391=CARTESIAN_POINT('',(5.44986234760245,-0.481582163114202,9.58166132349076));
#2392=VECTOR('',#3742,1000.0);
#2393=CARTESIAN_POINT('',(5.44986234760245,3.8284178368858,9.58166132349076));
#2394=CARTESIAN_POINT('',(5.44986234760245,-1.5215821631142,9.58166132349076));
#2395=VECTOR('',#3743,1000.0);
#2396=CARTESIAN_POINT('',(5.44986234760245,3.8284178368858,9.58166132349076));
#2397=VECTOR('',#3744,1000.0);
#2398=CARTESIAN_POINT('',(5.44986234760245,-0.481582163114202,9.58166132349076));
#2399=VECTOR('',#3745,1000.0);
#2400=CARTESIAN_POINT('',(5.44986234760245,3.4284178368858,11.0066613234908));
#2401=CARTESIAN_POINT('',(5.44986234760245,3.4284178368858,11.0066613234908));
#2402=VECTOR('',#3746,1000.0);
#2403=CARTESIAN_POINT('',(5.44986234760245,3.8284178368858,11.0066613234908));
#2404=CARTESIAN_POINT('',(5.44986234760245,4.3284178368858,11.0066613234908));
#2405=VECTOR('',#3747,1000.0);
#2406=CARTESIAN_POINT('',(5.44986234760245,3.8284178368858,9.58166132349076));
#2407=VECTOR('',#3748,1000.0);
#2408=CARTESIAN_POINT('',(1.29986234760245,-0.481582163114202,9.58166132349076));
#2409=CARTESIAN_POINT('',(1.29986234760245,3.8284178368858,9.58166132349076));
#2410=CARTESIAN_POINT('',(1.29986234760245,-1.5215821631142,9.58166132349076));
#2411=VECTOR('',#3749,1000.0);
#2412=CARTESIAN_POINT('',(1.29986234760245,-0.481582163114202,9.58166132349076));
#2413=VECTOR('',#3750,1000.0);
#2414=CARTESIAN_POINT('',(-0.125137652397554,3.4284178368858,9.58166132349076));
#2415=CARTESIAN_POINT('',(-0.125137652397554,3.4284178368858,9.58166132349076));
#2416=VECTOR('',#3751,1000.0);
#2417=CARTESIAN_POINT('',(-0.125137652397554,3.8284178368858,9.58166132349076));
#2418=CARTESIAN_POINT('',(-0.125137652397554,4.3284178368858,9.58166132349076));
#2419=VECTOR('',#3752,1000.0);
#2420=CARTESIAN_POINT('',(-0.125137652397554,3.8284178368858,9.58166132349076));
#2421=VECTOR('',#3753,1000.0);
#2422=CARTESIAN_POINT('',(1.29986234760245,-0.481582163114202,9.58166132349076));
#2423=VECTOR('',#3754,1000.0);
#2424=CARTESIAN_POINT('',(1.29986234760245,3.8284178368858,11.0066613234908));
#2425=CARTESIAN_POINT('',(1.29986234760245,3.8284178368858,9.58166132349076));
#2426=VECTOR('',#3755,1000.0);
#2427=CARTESIAN_POINT('',(1.29986234760245,3.4284178368858,11.0066613234908));
#2428=CARTESIAN_POINT('',(1.29986234760245,4.3284178368858,11.0066613234908));
#2429=VECTOR('',#3756,1000.0);
#2430=CARTESIAN_POINT('',(1.29986234760245,3.4284178368858,10.5816613234908));
#2431=VECTOR('',#3757,1000.0);
#2432=CARTESIAN_POINT('',(1.29986234760245,-0.481582163114202,5.43166132349076));
#2433=VECTOR('',#3758,1000.0);
#2434=CARTESIAN_POINT('',(1.29986234760245,3.4284178368858,4.00666132349076));
#2435=CARTESIAN_POINT('',(1.29986234760245,3.4284178368858,4.00666132349076));
#2436=VECTOR('',#3759,1000.0);
#2437=CARTESIAN_POINT('',(1.29986234760245,3.8284178368858,4.00666132349076));
#2438=CARTESIAN_POINT('',(1.29986234760245,4.3284178368858,4.00666132349076));
#2439=VECTOR('',#3760,1000.0);
#2440=CARTESIAN_POINT('',(1.29986234760245,3.8284178368858,4.00666132349076));
#2441=VECTOR('',#3761,1000.0);
#2442=AXIS2_PLACEMENT_3D('',#3762,#3763,#3764);
#2443=AXIS2_PLACEMENT_3D('',#3765,#3766,#3767);
#2444=CARTESIAN_POINT('',(1.29986234760245,3.8284178368858,11.0066613234908));
#2445=VECTOR('',#3768,1000.0);
#2446=CARTESIAN_POINT('',(-0.125137652397554,3.8284178368858,5.43166132349076));
#2447=VECTOR('',#3769,1000.0);
#2448=CARTESIAN_POINT('',(5.44986234760245,3.8284178368858,4.00666132349076));
#2449=VECTOR('',#3770,1000.0);
#2450=CARTESIAN_POINT('',(6.87486234760244,3.8284178368858,9.58346094402965));
#2451=CARTESIAN_POINT('',(6.87486234760244,3.8284178368858,9.58346094402965));
#2452=VECTOR('',#3771,1000.0);
#2453=CARTESIAN_POINT('',(5.44986234760245,3.8284178368858,9.58346094402965));
#2454=VECTOR('',#3772,1000.0);
#2455=CARTESIAN_POINT('',(-0.0251376523975537,5.3284178368858,4.00666132349076));
#2456=CARTESIAN_POINT('',(-0.125137652397554,5.3284178368858,4.10666132349076));
#2457=CARTESIAN_POINT('',(-0.0751376523975538,5.3284178368858,4.05666132349076));
#2458=VECTOR('',#3773,1000.0);
#2459=CARTESIAN_POINT('',(-0.0251376523975537,3.4284178368858,4.00666132349076));
#2460=CARTESIAN_POINT('',(-0.0251376523975537,5.3284178368858,4.00666132349076));
#2461=VECTOR('',#3774,1000.0);
#2462=CARTESIAN_POINT('',(-0.125137652397554,3.4284178368858,4.10666132349076));
#2463=CARTESIAN_POINT('',(-0.125137652397554,3.4284178368858,4.10666132349076));
#2464=VECTOR('',#3775,1000.0);
#2465=CARTESIAN_POINT('',(-0.125137652397554,5.3284178368858,4.10666132349076));
#2466=VECTOR('',#3776,1000.0);
#2467=CARTESIAN_POINT('',(-0.125137652397554,3.4284178368858,5.43166132349076));
#2468=VECTOR('',#3777,1000.0);
#2469=CARTESIAN_POINT('',(-0.0251376523975537,3.4284178368858,4.00666132349076));
#2470=VECTOR('',#3778,1000.0);
#2471=CARTESIAN_POINT('',(6.87486234760244,5.3284178368858,4.10666132349076));
#2472=CARTESIAN_POINT('',(6.77486234760245,5.3284178368858,4.00666132349076));
#2473=CARTESIAN_POINT('',(6.82486234760245,5.3284178368858,4.05666132349076));
#2474=VECTOR('',#3779,1000.0);
#2475=CARTESIAN_POINT('',(6.87486234760244,3.4284178368858,4.10666132349076));
#2476=CARTESIAN_POINT('',(6.87486234760244,5.3284178368858,4.10666132349076));
#2477=VECTOR('',#3780,1000.0);
#2478=CARTESIAN_POINT('',(6.77486234760245,3.4284178368858,4.00666132349076));
#2479=CARTESIAN_POINT('',(6.77486234760245,3.4284178368858,4.00666132349076));
#2480=VECTOR('',#3781,1000.0);
#2481=CARTESIAN_POINT('',(6.77486234760245,5.3284178368858,4.00666132349076));
#2482=VECTOR('',#3782,1000.0);
#2483=CARTESIAN_POINT('',(6.87486234760244,5.3284178368858,10.9066613234908));
#2484=CARTESIAN_POINT('',(6.87486234760244,5.3284178368858,11.0066613234908));
#2485=VECTOR('',#3783,1000.0);
#2486=CARTESIAN_POINT('',(6.87486234760244,5.3284178368858,4.00666132349076));
#2487=VECTOR('',#3784,1000.0);
#2488=CARTESIAN_POINT('',(-0.125137652397554,5.3284178368858,10.9066613234908));
#2489=CARTESIAN_POINT('',(-0.125137652397554,5.3284178368858,11.0066613234908));
#2490=VECTOR('',#3785,1000.0);
#2491=CARTESIAN_POINT('',(-0.0251376523975537,5.3284178368858,11.0066613234908));
#2492=CARTESIAN_POINT('',(-0.0751376523975538,5.3284178368858,10.9566613234908));
#2493=VECTOR('',#3786,1000.0);
#2494=CARTESIAN_POINT('',(6.77486234760245,5.3284178368858,11.0066613234908));
#2495=CARTESIAN_POINT('',(6.87486234760244,5.3284178368858,11.0066613234908));
#2496=VECTOR('',#3787,1000.0);
#2497=CARTESIAN_POINT('',(6.82486234760245,5.3284178368858,10.9566613234908));
#2498=VECTOR('',#3788,1000.0);
#2499=CARTESIAN_POINT('',(5.44986234760245,3.4284178368858,4.00666132349076));
#2500=VECTOR('',#3789,1000.0);
#2501=CARTESIAN_POINT('',(6.87486234760244,3.4284178368858,4.10666132349076));
#2502=VECTOR('',#3790,1000.0);
#2503=CARTESIAN_POINT('',(-0.125137652397554,3.4284178368858,10.9066613234908));
#2504=CARTESIAN_POINT('',(-0.125137652397554,5.3284178368858,10.9066613234908));
#2505=VECTOR('',#3791,1000.0);
#2506=CARTESIAN_POINT('',(-0.0251376523975537,3.4284178368858,11.0066613234908));
#2507=CARTESIAN_POINT('',(-0.0251376523975537,3.4284178368858,11.0066613234908));
#2508=VECTOR('',#3792,1000.0);
#2509=CARTESIAN_POINT('',(-0.0251376523975537,5.3284178368858,11.0066613234908));
#2510=VECTOR('',#3793,1000.0);
#2511=CARTESIAN_POINT('',(1.29986234760245,3.4284178368858,11.0066613234908));
#2512=VECTOR('',#3794,1000.0);
#2513=CARTESIAN_POINT('',(-0.125137652397554,3.4284178368858,10.9066613234908));
#2514=VECTOR('',#3795,1000.0);
#2515=CARTESIAN_POINT('',(6.77486234760245,3.4284178368858,11.0066613234908));
#2516=CARTESIAN_POINT('',(6.77486234760245,5.3284178368858,11.0066613234908));
#2517=VECTOR('',#3796,1000.0);
#2518=CARTESIAN_POINT('',(6.87486234760244,3.4284178368858,10.9066613234908));
#2519=CARTESIAN_POINT('',(6.87486234760244,3.4284178368858,10.9066613234908));
#2520=VECTOR('',#3797,1000.0);
#2521=CARTESIAN_POINT('',(6.87486234760244,5.3284178368858,10.9066613234908));
#2522=VECTOR('',#3798,1000.0);
#2523=CARTESIAN_POINT('',(6.87486234760244,3.4284178368858,9.58346094402965));
#2524=CARTESIAN_POINT('',(6.44986234760245,3.4284178368858,9.58346094402965));
#2525=VECTOR('',#3799,1000.0);
#2526=CARTESIAN_POINT('',(6.87486234760244,3.4284178368858,9.58346094402965));
#2527=VECTOR('',#3800,1000.0);
#2528=CARTESIAN_POINT('',(6.77486234760245,3.4284178368858,11.0066613234908));
#2529=VECTOR('',#3801,1000.0);
#2530=CARTESIAN_POINT('',(6.87486234760244,4.3284178368858,9.58346094402965));
#2531=VECTOR('',#3802,1000.0);
#2532=CARTESIAN_POINT('',(3.37486234760245,-0.481582163114202,6.98166132349076));
#2533=CARTESIAN_POINT('',(3.37486234760245,-0.481582163114202,8.03166132349076));
#2534=AXIS2_PLACEMENT_3D('',#3803,#3804,#3805);
#2535=AXIS2_PLACEMENT_3D('',#3806,#3807,#3808);
#2536=CARTESIAN_POINT('',(3.37486234760245,-0.481582163114202,8.03166132349076));
#2537=VECTOR('',#3809,1000.0);
#2538=CARTESIAN_POINT('',(3.37486234760245,-0.3815821631142,6.88166132349076));
#2539=VECTOR('',#3810,1000.0);
#2540=CARTESIAN_POINT('',(3.37486234760245,6.2684178368858,10.8066613234908));
#2541=CARTESIAN_POINT('',(3.37486234760245,6.2684178368858,4.20666132349076));
#2542=AXIS2_PLACEMENT_3D('',#3811,#3812,#3813);
#2543=CARTESIAN_POINT('',(3.37486234760245,5.3284178368858,10.8066613234908));
#2544=CARTESIAN_POINT('',(3.37486234760245,19.4684178368858,10.8066613234908));
#2545=VECTOR('',#3814,1000.0);
#2546=CARTESIAN_POINT('',(3.37486234760245,5.3284178368858,4.20666132349076));
#2547=AXIS2_PLACEMENT_3D('',#3815,#3816,#3817);
#2548=CARTESIAN_POINT('',(3.37486234760245,19.4684178368858,4.20666132349076));
#2549=VECTOR('',#3818,1000.0);
#2550=CARTESIAN_POINT('',(2.92486234760245,9.7684178368858,13.3066613234908));
#2551=CARTESIAN_POINT('',(3.82486234760245,9.7684178368858,13.3066613234908));
#2552=AXIS2_PLACEMENT_3D('',#3819,#3820,#3821);
#2553=CARTESIAN_POINT('',(2.92486234760245,9.7684178368858,14.3066613234908));
#2554=CARTESIAN_POINT('',(2.92486234760245,9.7684178368858,13.3066613234908));
#2555=VECTOR('',#3822,1000.0);
#2556=CARTESIAN_POINT('',(3.82486234760245,9.7684178368858,14.3066613234908));
#2557=AXIS2_PLACEMENT_3D('',#3823,#3824,#3825);
#2558=CARTESIAN_POINT('',(3.82486234760245,9.7684178368858,13.3066613234908));
#2559=VECTOR('',#3826,1000.0);
#2560=CARTESIAN_POINT('',(1.07486234760245,9.7684178368858,14.3066613234908));
#2561=CARTESIAN_POINT('',(5.67486234760245,9.7684178368858,14.3066613234908));
#2562=AXIS2_PLACEMENT_3D('',#3827,#3828,#3829);
#2563=CARTESIAN_POINT('',(1.07486234760245,9.7684178368858,19.1066613234908));
#2564=CARTESIAN_POINT('',(1.07486234760245,9.7684178368858,14.3066613234908));
#2565=VECTOR('',#3830,1000.0);
#2566=CARTESIAN_POINT('',(5.67486234760245,9.7684178368858,19.1066613234908));
#2567=AXIS2_PLACEMENT_3D('',#3831,#3832,#3833);
#2568=CARTESIAN_POINT('',(5.67486234760245,9.7684178368858,14.3066613234908));
#2569=VECTOR('',#3834,1000.0);
#2570=CARTESIAN_POINT('',(6.12486234760244,9.7684178368858,11.0066613234908));
#2571=CARTESIAN_POINT('',(0.624862347602445,9.7684178368858,11.0066613234908));
#2572=AXIS2_PLACEMENT_3D('',#3835,#3836,#3837);
#2573=CARTESIAN_POINT('',(6.02486234760245,9.7684178368858,11.1066613234908));
#2574=AXIS2_PLACEMENT_3D('',#3838,#3839,#3840);
#2575=CARTESIAN_POINT('',(0.724862347602445,9.7684178368858,11.1066613234908));
#2576=AXIS2_PLACEMENT_3D('',#3841,#3842,#3843);
#2577=AXIS2_PLACEMENT_3D('',#3844,#3845,#3846);
#2578=CARTESIAN_POINT('',(1.26840175346868,11.4171897329835,18.1066613234908));
#2579=CARTESIAN_POINT('',(0.699862347602445,9.7684178368858,18.1066613234908));
#2580=AXIS2_PLACEMENT_3D('',#3847,#3848,#3849);
#2581=CARTESIAN_POINT('',(0.699862347602445,9.7684178368858,19.1066613234908));
#2582=CARTESIAN_POINT('',(0.699862347602445,9.7684178368858,19.1066613234908));
#2583=VECTOR('',#3850,1000.0);
#2584=CARTESIAN_POINT('',(6.04986234760244,9.7684178368858,19.1066613234908));
#2585=AXIS2_PLACEMENT_3D('',#3851,#3852,#3853);
#2586=CARTESIAN_POINT('',(6.04986234760244,9.7684178368858,18.1066613234908));
#2587=CARTESIAN_POINT('',(6.04986234760244,9.7684178368858,19.1066613234908));
#2588=VECTOR('',#3854,1000.0);
#2589=AXIS2_PLACEMENT_3D('',#3855,#3856,#3857);
#2590=CARTESIAN_POINT('',(6.02486234760245,9.7684178368858,13.1066613234908));
#2591=CARTESIAN_POINT('',(0.724862347602445,9.7684178368858,13.1066613234908));
#2592=AXIS2_PLACEMENT_3D('',#3858,#3859,#3860);
#2593=CARTESIAN_POINT('',(6.02486234760245,9.7684178368858,13.1066613234908));
#2594=VECTOR('',#3861,1000.0);
#2595=AXIS2_PLACEMENT_3D('',#3862,#3863,#3864);
#2596=CARTESIAN_POINT('',(0.724862347602445,9.7684178368858,13.1066613234908));
#2597=VECTOR('',#3865,1000.0);
#2598=CARTESIAN_POINT('',(0.199862347602495,9.76841743830541,17.7713999456138));
#2599=CARTESIAN_POINT('',(6.54986234760244,9.7684178368858,17.4213884437718));
#2601=CARTESIAN_POINT('',(0.199862347602495,9.76841743830541,17.7713999456138));
#2602=CARTESIAN_POINT('',(0.199861990551158,11.1820059205834,17.721987736664));
#2603=CARTESIAN_POINT('',(1.25035695567419,12.1278885062665,17.6770038668562));
#2604=CARTESIAN_POINT('',(2.61259798178617,13.3544722661911,17.6186705335228));
#2605=CARTESIAN_POINT('',(4.35597119080628,12.788028811463,17.5603372001895));
#2606=CARTESIAN_POINT('',(6.0993443998264,12.221585356735,17.5020038668562));
#2607=CARTESIAN_POINT('',(6.48047658273454,10.4285581420823,17.4436705335228));
#2608=CARTESIAN_POINT('',(6.54986234760246,10.1021344751845,17.4330508505568));
#2609=CARTESIAN_POINT('',(6.54986234760244,9.7684178368858,17.4213884437718));
#2616=CARTESIAN_POINT('',(0.199862347602445,9.7684178368858,17.8940381745822));
#2617=CARTESIAN_POINT('',(0.199862347602445,9.7684178368858,19.1066613234908));
#2618=VECTOR('',#3866,1000.0);
#2619=CARTESIAN_POINT('',(6.54986234760244,9.7684178368858,17.5440381745822));
#2621=CARTESIAN_POINT('',(0.199862347602445,9.7684178368858,17.8940381745822));
#2622=CARTESIAN_POINT('',(0.199862347602449,11.1820062420781,17.8446374521849));
#2623=CARTESIAN_POINT('',(1.2503569556742,12.1278885062665,17.7996535976665));
#2624=CARTESIAN_POINT('',(2.61259798178617,13.3544722661911,17.7413202643332));
#2625=CARTESIAN_POINT('',(4.35597119080628,12.788028811463,17.6829869309999));
#2626=CARTESIAN_POINT('',(6.09934439982639,12.221585356735,17.6246535976665));
#2627=CARTESIAN_POINT('',(6.48047658273453,10.4285581420823,17.5663202643332));
#2628=CARTESIAN_POINT('',(6.54986234760244,10.1021344751845,17.5557005813672));
#2629=CARTESIAN_POINT('',(6.54986234760244,9.7684178368858,17.5440381745822));
#2636=CARTESIAN_POINT('',(6.54986234760244,9.7684178368858,19.1066613234908));
#2637=VECTOR('',#3867,1000.0);
#2638=CARTESIAN_POINT('',(0.19986234762493,9.76842978644036,13.5713880261707));
#2639=CARTESIAN_POINT('',(6.54986234760244,9.76841783603453,13.221388443742));
#2641=CARTESIAN_POINT('',(0.19986234762493,9.76842978644036,13.5713880261707));
#2642=CARTESIAN_POINT('',(0.199867667834919,11.1820110325011,13.5219874935537));
#2643=CARTESIAN_POINT('',(1.25035695567419,12.1278885062665,13.4770038668562));
#2644=CARTESIAN_POINT('',(2.61259798178617,13.3544722661911,13.4186705335228));
#2645=CARTESIAN_POINT('',(4.35597119080628,12.788028811463,13.3603372001895));
#2646=CARTESIAN_POINT('',(6.0993443998264,12.221585356735,13.3020038668562));
#2647=CARTESIAN_POINT('',(6.48047658273454,10.4285581420823,13.2436705335228));
#2648=CARTESIAN_POINT('',(6.54986234769194,10.1021344747635,13.2330508505431));
#2649=CARTESIAN_POINT('',(6.54986234760244,9.76841783603453,13.221388443742));
#2656=CARTESIAN_POINT('',(0.199862347602445,9.7684178368858,13.6940381745822));
#2657=CARTESIAN_POINT('',(0.199862347602445,9.7684178368858,19.1066613234908));
#2658=VECTOR('',#3868,1000.0);
#2659=CARTESIAN_POINT('',(6.54986234760244,9.7684178368858,13.3440381745822));
#2661=CARTESIAN_POINT('',(0.199862347602445,9.7684178368858,13.6940381745822));
#2662=CARTESIAN_POINT('',(0.199862347602439,11.1820062420781,13.6446374521849));
#2663=CARTESIAN_POINT('',(1.2503569556742,12.1278885062665,13.5996535976665));
#2664=CARTESIAN_POINT('',(2.61259798178617,13.3544722661911,13.5413202643332));
#2665=CARTESIAN_POINT('',(4.35597119080628,12.788028811463,13.4829869309999));
#2666=CARTESIAN_POINT('',(6.09934439982639,12.221585356735,13.4246535976665));
#2667=CARTESIAN_POINT('',(6.48047658273453,10.4285581420823,13.3663202643332));
#2668=CARTESIAN_POINT('',(6.54986234760244,10.1021344751845,13.3557005813672));
#2669=CARTESIAN_POINT('',(6.54986234760244,9.7684178368858,13.3440381745822));
#2676=CARTESIAN_POINT('',(6.54986234760244,9.7684178368858,19.1066613234908));
#2677=VECTOR('',#3869,1000.0);
#2678=CARTESIAN_POINT('',(0.19986234762493,9.76842978644272,14.2713880261706));
#2679=CARTESIAN_POINT('',(6.54986234760244,9.7684178368858,13.9213884437718));
#2681=CARTESIAN_POINT('',(0.19986234762493,9.76842978644272,14.2713880261706));
#2682=CARTESIAN_POINT('',(0.199867667835807,11.1820110325019,14.2219874935536));
#2683=CARTESIAN_POINT('',(1.25035695567419,12.1278885062665,14.1770038668562));
#2684=CARTESIAN_POINT('',(2.61259798178617,13.3544722661911,14.1186705335228));
#2685=CARTESIAN_POINT('',(4.35597119080628,12.788028811463,14.0603372001895));
#2686=CARTESIAN_POINT('',(6.0993443998264,12.221585356735,14.0020038668562));
#2687=CARTESIAN_POINT('',(6.48047658273454,10.4285581420823,13.9436705335228));
#2688=CARTESIAN_POINT('',(6.54986234760246,10.1021344751845,13.9330508505568));
#2689=CARTESIAN_POINT('',(6.54986234760244,9.7684178368858,13.9213884437718));
#2696=CARTESIAN_POINT('',(0.199862347602445,9.7684178368858,14.3940381745822));
#2697=CARTESIAN_POINT('',(0.199862347602445,9.7684178368858,19.1066613234908));
#2698=VECTOR('',#3870,1000.0);
#2699=CARTESIAN_POINT('',(6.54986234760244,9.7684178368858,14.0440381745822));
#2701=CARTESIAN_POINT('',(0.199862347602445,9.7684178368858,14.3940381745822));
#2702=CARTESIAN_POINT('',(0.199862347602449,11.1820062420781,14.3446374521849));
#2703=CARTESIAN_POINT('',(1.2503569556742,12.1278885062665,14.2996535976665));
#2704=CARTESIAN_POINT('',(2.61259798178617,13.3544722661911,14.2413202643332));
#2705=CARTESIAN_POINT('',(4.35597119080628,12.788028811463,14.1829869309999));
#2706=CARTESIAN_POINT('',(6.09934439982639,12.221585356735,14.1246535976665));
#2707=CARTESIAN_POINT('',(6.48047658273453,10.4285581420823,14.0663202643332));
#2708=CARTESIAN_POINT('',(6.54986234760244,10.1021344751845,14.0557005813672));
#2709=CARTESIAN_POINT('',(6.54986234760244,9.7684178368858,14.0440381745822));
#2716=CARTESIAN_POINT('',(6.54986234760244,9.7684178368858,19.1066613234908));
#2717=VECTOR('',#3871,1000.0);
#2718=CARTESIAN_POINT('',(0.19986234762493,9.76842978644671,14.9713880261705));
#2719=CARTESIAN_POINT('',(6.54986234760244,9.7684178368858,14.6213884437718));
#2721=CARTESIAN_POINT('',(0.19986234762493,9.76842978644671,14.9713880261705));
#2722=CARTESIAN_POINT('',(0.199867667837573,11.1820110325035,14.9219874935535));
#2723=CARTESIAN_POINT('',(1.25035695567419,12.1278885062665,14.8770038668562));
#2724=CARTESIAN_POINT('',(2.61259798178617,13.3544722661911,14.8186705335228));
#2725=CARTESIAN_POINT('',(4.35597119080628,12.788028811463,14.7603372001895));
#2726=CARTESIAN_POINT('',(6.0993443998264,12.221585356735,14.7020038668562));
#2727=CARTESIAN_POINT('',(6.48047658273454,10.4285581420823,14.6436705335228));
#2728=CARTESIAN_POINT('',(6.54986234760247,10.1021344751844,14.6330508505568));
#2729=CARTESIAN_POINT('',(6.54986234760244,9.7684178368858,14.6213884437718));
#2736=CARTESIAN_POINT('',(0.199862347602445,9.7684178368858,15.0940381745822));
#2737=CARTESIAN_POINT('',(0.199862347602445,9.7684178368858,19.1066613234908));
#2738=VECTOR('',#3872,1000.0);
#2739=CARTESIAN_POINT('',(6.54986234760244,9.7684178368858,14.7440381745822));
#2741=CARTESIAN_POINT('',(0.199862347602445,9.7684178368858,15.0940381745822));
#2742=CARTESIAN_POINT('',(0.199862347602454,11.1820062420781,15.0446374521849));
#2743=CARTESIAN_POINT('',(1.2503569556742,12.1278885062665,14.9996535976665));
#2744=CARTESIAN_POINT('',(2.61259798178617,13.3544722661911,14.9413202643332));
#2745=CARTESIAN_POINT('',(4.35597119080628,12.788028811463,14.8829869309999));
#2746=CARTESIAN_POINT('',(6.09934439982639,12.221585356735,14.8246535976665));
#2747=CARTESIAN_POINT('',(6.48047658273453,10.4285581420823,14.7663202643332));
#2748=CARTESIAN_POINT('',(6.54986234760244,10.1021344751845,14.7557005813672));
#2749=CARTESIAN_POINT('',(6.54986234760244,9.7684178368858,14.7440381745822));
#2756=CARTESIAN_POINT('',(6.54986234760244,9.7684178368858,19.1066613234908));
#2757=VECTOR('',#3873,1000.0);
#2758=CARTESIAN_POINT('',(0.19986234762493,9.76842978645227,15.6713880261703));
#2759=CARTESIAN_POINT('',(6.54986234760244,9.76841783688586,15.3213884437718));
#2761=CARTESIAN_POINT('',(0.19986234762493,9.76842978645227,15.6713880261703));
#2762=CARTESIAN_POINT('',(0.199867667840247,11.1820110325059,15.6219874935534));
#2763=CARTESIAN_POINT('',(1.25035695567419,12.1278885062665,15.5770038668562));
#2764=CARTESIAN_POINT('',(2.61259798178617,13.3544722661911,15.5186705335228));
#2765=CARTESIAN_POINT('',(4.35597119080628,12.788028811463,15.4603372001895));
#2766=CARTESIAN_POINT('',(6.0993443998264,12.221585356735,15.4020038668562));
#2767=CARTESIAN_POINT('',(6.48047658273454,10.4285581420823,15.3436705335228));
#2768=CARTESIAN_POINT('',(6.54986234760246,10.1021344751845,15.3330508505568));
#2769=CARTESIAN_POINT('',(6.54986234760244,9.76841783688586,15.3213884437718));
#2776=CARTESIAN_POINT('',(0.199862347602445,9.7684178368858,15.7940381745822));
#2777=CARTESIAN_POINT('',(0.199862347602445,9.7684178368858,19.1066613234908));
#2778=VECTOR('',#3874,1000.0);
#2779=CARTESIAN_POINT('',(6.54986234760244,9.7684178368858,15.4440381745822));
#2781=CARTESIAN_POINT('',(0.199862347602445,9.7684178368858,15.7940381745822));
#2782=CARTESIAN_POINT('',(0.199862347602449,11.1820062420781,15.7446374521849));
#2783=CARTESIAN_POINT('',(1.2503569556742,12.1278885062665,15.6996535976665));
#2784=CARTESIAN_POINT('',(2.61259798178617,13.3544722661911,15.6413202643332));
#2785=CARTESIAN_POINT('',(4.35597119080628,12.788028811463,15.5829869309999));
#2786=CARTESIAN_POINT('',(6.09934439982639,12.221585356735,15.5246535976665));
#2787=CARTESIAN_POINT('',(6.48047658273453,10.4285581420823,15.4663202643332));
#2788=CARTESIAN_POINT('',(6.54986234760245,10.1021344751844,15.4557005813672));
#2789=CARTESIAN_POINT('',(6.54986234760244,9.7684178368858,15.4440381745822));
#2796=CARTESIAN_POINT('',(6.54986234760244,9.7684178368858,19.1066613234908));
#2797=VECTOR('',#3875,1000.0);
#2798=CARTESIAN_POINT('',(0.19986234762493,9.76842978644616,16.3713880261705));
#2799=CARTESIAN_POINT('',(6.54986234760244,9.7684178368859,16.0213884437718));
#2801=CARTESIAN_POINT('',(0.19986234762493,9.76842978644616,16.3713880261705));
#2802=CARTESIAN_POINT('',(0.199867667837327,11.1820110325033,16.3219874935536));
#2803=CARTESIAN_POINT('',(1.25035695567419,12.1278885062665,16.2770038668562));
#2804=CARTESIAN_POINT('',(2.61259798178617,13.3544722661911,16.2186705335228));
#2805=CARTESIAN_POINT('',(4.35597119080628,12.788028811463,16.1603372001895));
#2806=CARTESIAN_POINT('',(6.0993443998264,12.221585356735,16.1020038668562));
#2807=CARTESIAN_POINT('',(6.48047658273454,10.4285581420823,16.0436705335228));
#2808=CARTESIAN_POINT('',(6.54986234760245,10.1021344751845,16.0330508505568));
#2809=CARTESIAN_POINT('',(6.54986234760245,9.7684178368859,16.0213884437718));
#2816=CARTESIAN_POINT('',(0.199862347602445,9.7684178368858,16.4940381745822));
#2817=CARTESIAN_POINT('',(0.199862347602445,9.7684178368858,19.1066613234908));
#2818=VECTOR('',#3876,1000.0);
#2819=CARTESIAN_POINT('',(6.54986234760244,9.7684178368858,16.1440381745822));
#2821=CARTESIAN_POINT('',(0.199862347602445,9.7684178368858,16.4940381745822));
#2822=CARTESIAN_POINT('',(0.199862347602449,11.1820062420781,16.4446374521849));
#2823=CARTESIAN_POINT('',(1.2503569556742,12.1278885062665,16.3996535976665));
#2824=CARTESIAN_POINT('',(2.61259798178617,13.3544722661911,16.3413202643332));
#2825=CARTESIAN_POINT('',(4.35597119080628,12.788028811463,16.2829869309999));
#2826=CARTESIAN_POINT('',(6.09934439982639,12.221585356735,16.2246535976665));
#2827=CARTESIAN_POINT('',(6.48047658273453,10.4285581420823,16.1663202643332));
#2828=CARTESIAN_POINT('',(6.54986234760245,10.1021344751844,16.1557005813672));
#2829=CARTESIAN_POINT('',(6.54986234760244,9.7684178368858,16.1440381745822));
#2836=CARTESIAN_POINT('',(6.54986234760244,9.7684178368858,19.1066613234908));
#2837=VECTOR('',#3877,1000.0);
#2838=CARTESIAN_POINT('',(0.19986234762493,9.76842978644519,17.0713880261705));
#2839=CARTESIAN_POINT('',(6.54986234760244,9.7684178368857,16.7213884437718));
#2841=CARTESIAN_POINT('',(0.19986234762493,9.76842978644519,17.0713880261705));
#2842=CARTESIAN_POINT('',(0.199867667836915,11.1820110325029,17.0219874935536));
#2843=CARTESIAN_POINT('',(1.25035695567419,12.1278885062665,16.9770038668562));
#2844=CARTESIAN_POINT('',(2.61259798178617,13.3544722661911,16.9186705335228));
#2845=CARTESIAN_POINT('',(4.35597119080628,12.788028811463,16.8603372001895));
#2846=CARTESIAN_POINT('',(6.0993443998264,12.221585356735,16.8020038668562));
#2847=CARTESIAN_POINT('',(6.48047658273454,10.4285581420823,16.7436705335228));
#2848=CARTESIAN_POINT('',(6.54986234760247,10.1021344751844,16.7330508505568));
#2849=CARTESIAN_POINT('',(6.54986234760245,9.7684178368857,16.7213884437718));
#2856=CARTESIAN_POINT('',(0.199862347602445,9.7684178368858,17.1940381745822));
#2857=CARTESIAN_POINT('',(0.199862347602445,9.7684178368858,19.1066613234908));
#2858=VECTOR('',#3878,1000.0);
#2859=CARTESIAN_POINT('',(6.54986234760244,9.7684178368858,16.8440381745822));
#2861=CARTESIAN_POINT('',(0.199862347602445,9.7684178368858,17.1940381745822));
#2862=CARTESIAN_POINT('',(0.199862347602449,11.1820062420781,17.1446374521849));
#2863=CARTESIAN_POINT('',(1.2503569556742,12.1278885062665,17.0996535976665));
#2864=CARTESIAN_POINT('',(2.61259798178617,13.3544722661911,17.0413202643332));
#2865=CARTESIAN_POINT('',(4.35597119080628,12.788028811463,16.9829869309999));
#2866=CARTESIAN_POINT('',(6.09934439982639,12.221585356735,16.9246535976665));
#2867=CARTESIAN_POINT('',(6.48047658273453,10.4285581420823,16.8663202643332));
#2868=CARTESIAN_POINT('',(6.54986234760244,10.1021344751845,16.8557005813672));
#2869=CARTESIAN_POINT('',(6.54986234760244,9.7684178368858,16.8440381745822));
#2876=CARTESIAN_POINT('',(6.54986234760244,9.7684178368858,19.1066613234908));
#2877=VECTOR('',#3879,1000.0);
#2878=CARTESIAN_POINT('',(5.01031974976725,7.04703875897247,13.1066613234763));
#2880=CARTESIAN_POINT('',(6.54986234760244,9.76841783603453,13.221388443742));
#2881=CARTESIAN_POINT('',(6.54986234722343,8.35482943135223,13.1719877213583));
#2882=CARTESIAN_POINT('',(5.49936773953071,7.40894716750509,13.1270038668562));
#2883=CARTESIAN_POINT('',(5.27226116382828,7.20445674900423,13.1172788010795));
#2884=CARTESIAN_POINT('',(5.01031974976725,7.04703875897247,13.1066613234763));
#2891=CARTESIAN_POINT('',(1.68878825741814,7.0781057430184,13.1066613234908));
#2893=CARTESIAN_POINT('',(6.54986234760244,9.7684178368858,13.3440381745822));
#2894=CARTESIAN_POINT('',(6.54986234760245,8.35482943169353,13.2946374521849));
#2895=CARTESIAN_POINT('',(5.49936773953069,7.4089471675051,13.2496535976665));
#2896=CARTESIAN_POINT('',(4.13712671341872,6.18236340758051,13.1913202643332));
#2897=CARTESIAN_POINT('',(2.39375350439861,6.74880686230857,13.1329869309999));
#2898=CARTESIAN_POINT('',(2.02094273778041,6.86993767785077,13.1205126686865));
#2899=CARTESIAN_POINT('',(1.68878825741814,7.0781057430184,13.1066613234908));
#2906=AXIS2_PLACEMENT_3D('',#3880,#3881,#3882);
#2908=CARTESIAN_POINT('',(6.54986234760244,9.7684178368858,13.9213884437718));
#2909=CARTESIAN_POINT('',(6.54986234760247,8.35482943169352,13.8719877213745));
#2910=CARTESIAN_POINT('',(5.49936773953071,7.40894716750509,13.8270038668562));
#2911=CARTESIAN_POINT('',(4.13712671341873,6.1823634075805,13.7686705335228));
#2912=CARTESIAN_POINT('',(2.3937535043986,6.74880686230855,13.7103372001895));
#2913=CARTESIAN_POINT('',(0.650380295378487,7.31525031703661,13.6520038668562));
#2914=CARTESIAN_POINT('',(0.269248112470345,9.10827753168927,13.5936705335228));
#2915=CARTESIAN_POINT('',(0.199861091613106,9.43470710735878,13.5830506583242));
#2916=CARTESIAN_POINT('',(0.19986234762493,9.76842978644036,13.5713880261707));
#2924=CARTESIAN_POINT('',(6.54986234760244,9.7684178368858,14.0440381745822));
#2925=CARTESIAN_POINT('',(6.54986234760245,8.35482943169353,13.9946374521849));
#2926=CARTESIAN_POINT('',(5.49936773953069,7.4089471675051,13.9496535976665));
#2927=CARTESIAN_POINT('',(4.13712671341872,6.18236340758051,13.8913202643332));
#2928=CARTESIAN_POINT('',(2.39375350439861,6.74880686230857,13.8329869309999));
#2929=CARTESIAN_POINT('',(0.650380295378499,7.31525031703663,13.7746535976665));
#2930=CARTESIAN_POINT('',(0.26924811247036,9.10827753168927,13.7163202643332));
#2931=CARTESIAN_POINT('',(0.199862347602446,9.43470119858713,13.7057005813672));
#2932=CARTESIAN_POINT('',(0.199862347602445,9.7684178368858,13.6940381745822));
#2940=CARTESIAN_POINT('',(6.54986234760244,9.7684178368858,14.6213884437718));
#2941=CARTESIAN_POINT('',(6.54986234760243,8.35482943169349,14.5719877213745));
#2942=CARTESIAN_POINT('',(5.49936773953071,7.40894716750509,14.5270038668562));
#2943=CARTESIAN_POINT('',(4.13712671341873,6.1823634075805,14.4686705335228));
#2944=CARTESIAN_POINT('',(2.3937535043986,6.74880686230855,14.4103372001895));
#2945=CARTESIAN_POINT('',(0.650380295378487,7.31525031703661,14.3520038668562));
#2946=CARTESIAN_POINT('',(0.269248112470345,9.10827753168927,14.2936705335228));
#2947=CARTESIAN_POINT('',(0.199861091612902,9.43470710735975,14.2830506583242));
#2948=CARTESIAN_POINT('',(0.19986234762493,9.76842978644272,14.2713880261706));
#2956=CARTESIAN_POINT('',(6.54986234760244,9.7684178368858,14.7440381745822));
#2957=CARTESIAN_POINT('',(6.54986234760244,8.35482943169352,14.6946374521849));
#2958=CARTESIAN_POINT('',(5.49936773953069,7.4089471675051,14.6496535976665));
#2959=CARTESIAN_POINT('',(4.13712671341872,6.18236340758051,14.5913202643332));
#2960=CARTESIAN_POINT('',(2.39375350439861,6.74880686230857,14.5329869309999));
#2961=CARTESIAN_POINT('',(0.650380295378499,7.31525031703663,14.4746535976665));
#2962=CARTESIAN_POINT('',(0.26924811247036,9.10827753168927,14.4163202643332));
#2963=CARTESIAN_POINT('',(0.199862347602446,9.43470119858713,14.4057005813672));
#2964=CARTESIAN_POINT('',(0.199862347602445,9.7684178368858,14.3940381745822));
#2972=CARTESIAN_POINT('',(6.54986234760244,9.76841783688586,15.3213884437718));
#2973=CARTESIAN_POINT('',(6.54986234760248,8.35482943169353,15.2719877213745));
#2974=CARTESIAN_POINT('',(5.49936773953071,7.40894716750509,15.2270038668562));
#2975=CARTESIAN_POINT('',(4.13712671341873,6.1823634075805,15.1686705335228));
#2976=CARTESIAN_POINT('',(2.3937535043986,6.74880686230855,15.1103372001895));
#2977=CARTESIAN_POINT('',(0.650380295378487,7.31525031703661,15.0520038668562));
#2978=CARTESIAN_POINT('',(0.269248112470345,9.10827753168927,14.9936705335228));
#2979=CARTESIAN_POINT('',(0.199861091612482,9.43470710736171,14.9830506583241));
#2980=CARTESIAN_POINT('',(0.19986234762493,9.76842978644671,14.9713880261705));
#2988=CARTESIAN_POINT('',(6.54986234760244,9.7684178368858,15.4440381745822));
#2989=CARTESIAN_POINT('',(6.54986234760242,8.3548294316935,15.3946374521849));
#2990=CARTESIAN_POINT('',(5.49936773953069,7.4089471675051,15.3496535976665));
#2991=CARTESIAN_POINT('',(4.13712671341872,6.18236340758051,15.2913202643332));
#2992=CARTESIAN_POINT('',(2.39375350439861,6.74880686230857,15.2329869309999));
#2993=CARTESIAN_POINT('',(0.650380295378499,7.31525031703663,15.1746535976665));
#2994=CARTESIAN_POINT('',(0.26924811247036,9.10827753168927,15.1163202643332));
#2995=CARTESIAN_POINT('',(0.199862347602442,9.43470119858715,15.1057005813672));
#2996=CARTESIAN_POINT('',(0.199862347602445,9.7684178368858,15.0940381745822));
#3004=CARTESIAN_POINT('',(6.54986234760245,9.7684178368859,16.0213884437718));
#3005=CARTESIAN_POINT('',(6.5498623476025,8.35482943169355,15.9719877213745));
#3006=CARTESIAN_POINT('',(5.49936773953071,7.40894716750509,15.9270038668562));
#3007=CARTESIAN_POINT('',(4.13712671341873,6.1823634075805,15.8686705335228));
#3008=CARTESIAN_POINT('',(2.3937535043986,6.74880686230855,15.8103372001895));
#3009=CARTESIAN_POINT('',(0.650380295378487,7.31525031703661,15.7520038668562));
#3010=CARTESIAN_POINT('',(0.269248112470345,9.10827753168927,15.6936705335228));
#3011=CARTESIAN_POINT('',(0.199861091611848,9.43470710736469,15.683050658324));
#3012=CARTESIAN_POINT('',(0.19986234762493,9.76842978645227,15.6713880261703));
#3020=CARTESIAN_POINT('',(6.54986234760244,9.7684178368858,16.1440381745822));
#3021=CARTESIAN_POINT('',(6.54986234760244,8.35482943169352,16.0946374521849));
#3022=CARTESIAN_POINT('',(5.49936773953069,7.4089471675051,16.0496535976665));
#3023=CARTESIAN_POINT('',(4.13712671341872,6.18236340758051,15.9913202643332));
#3024=CARTESIAN_POINT('',(2.39375350439861,6.74880686230857,15.9329869309999));
#3025=CARTESIAN_POINT('',(0.650380295378499,7.31525031703663,15.8746535976665));
#3026=CARTESIAN_POINT('',(0.26924811247036,9.10827753168927,15.8163202643332));
#3027=CARTESIAN_POINT('',(0.199862347602446,9.43470119858713,15.8057005813672));
#3028=CARTESIAN_POINT('',(0.199862347602445,9.7684178368858,15.7940381745822));
#3036=CARTESIAN_POINT('',(6.54986234760245,9.7684178368857,16.7213884437718));
#3037=CARTESIAN_POINT('',(6.54986234760239,8.35482943169346,16.6719877213745));
#3038=CARTESIAN_POINT('',(5.49936773953071,7.40894716750509,16.6270038668562));
#3039=CARTESIAN_POINT('',(4.13712671341873,6.1823634075805,16.5686705335228));
#3040=CARTESIAN_POINT('',(2.3937535043986,6.74880686230855,16.5103372001895));
#3041=CARTESIAN_POINT('',(0.650380295378487,7.31525031703661,16.4520038668562));
#3042=CARTESIAN_POINT('',(0.269248112470345,9.10827753168927,16.3936705335228));
#3043=CARTESIAN_POINT('',(0.199861091612538,9.43470710736145,16.3830506583241));
#3044=CARTESIAN_POINT('',(0.19986234762493,9.76842978644616,16.3713880261705));
#3052=CARTESIAN_POINT('',(6.54986234760244,9.7684178368858,16.8440381745822));
#3053=CARTESIAN_POINT('',(6.54986234760244,8.35482943169352,16.7946374521849));
#3054=CARTESIAN_POINT('',(5.49936773953069,7.4089471675051,16.7496535976665));
#3055=CARTESIAN_POINT('',(4.13712671341872,6.18236340758051,16.6913202643332));
#3056=CARTESIAN_POINT('',(2.39375350439861,6.74880686230857,16.6329869309999));
#3057=CARTESIAN_POINT('',(0.650380295378499,7.31525031703663,16.5746535976665));
#3058=CARTESIAN_POINT('',(0.26924811247036,9.10827753168927,16.5163202643332));
#3059=CARTESIAN_POINT('',(0.199862347602446,9.43470119858713,16.5057005813672));
#3060=CARTESIAN_POINT('',(0.199862347602445,9.7684178368858,16.4940381745822));
#3068=CARTESIAN_POINT('',(6.54986234760244,9.7684178368858,17.4213884437718));
#3069=CARTESIAN_POINT('',(6.54986234760246,8.35482943169351,17.3719877213745));
#3070=CARTESIAN_POINT('',(5.49936773953071,7.40894716750509,17.3270038668562));
#3071=CARTESIAN_POINT('',(4.13712671341873,6.1823634075805,17.2686705335228));
#3072=CARTESIAN_POINT('',(2.3937535043986,6.74880686230855,17.2103372001895));
#3073=CARTESIAN_POINT('',(0.650380295378487,7.31525031703661,17.1520038668562));
#3074=CARTESIAN_POINT('',(0.269248112470345,9.10827753168927,17.0936705335228));
#3075=CARTESIAN_POINT('',(0.199861091612639,9.43470710736099,17.0830506583241));
#3076=CARTESIAN_POINT('',(0.19986234762493,9.76842978644519,17.0713880261705));
#3084=CARTESIAN_POINT('',(6.54986234760244,9.7684178368858,17.5440381745822));
#3085=CARTESIAN_POINT('',(6.54986234760244,8.35482943169352,17.4946374521849));
#3086=CARTESIAN_POINT('',(5.49936773953069,7.4089471675051,17.4496535976665));
#3087=CARTESIAN_POINT('',(4.13712671341872,6.18236340758051,17.3913202643332));
#3088=CARTESIAN_POINT('',(2.39375350439861,6.74880686230857,17.3329869309999));
#3089=CARTESIAN_POINT('',(0.650380295378499,7.31525031703663,17.2746535976665));
#3090=CARTESIAN_POINT('',(0.26924811247036,9.10827753168927,17.2163202643332));
#3091=CARTESIAN_POINT('',(0.199862347602446,9.43470119858713,17.2057005813672));
#3092=CARTESIAN_POINT('',(0.199862347602445,9.7684178368858,17.1940381745822));
#3099=CARTESIAN_POINT('',(6.52293078898161,9.35575564041925,18.1066613234908));
#3101=CARTESIAN_POINT('',(6.52293078898161,9.35575564041925,18.1066613234908));
#3102=CARTESIAN_POINT('',(6.37056227107535,8.19338475501314,18.0643098061376));
#3103=CARTESIAN_POINT('',(5.49936773953071,7.40894716750509,18.0270038668562));
#3104=CARTESIAN_POINT('',(4.13712671341873,6.1823634075805,17.9686705335228));
#3105=CARTESIAN_POINT('',(2.3937535043986,6.74880686230855,17.9103372001895));
#3106=CARTESIAN_POINT('',(0.650380295378487,7.31525031703661,17.8520038668562));
#3107=CARTESIAN_POINT('',(0.269248112470345,9.10827753168927,17.7936705335228));
#3108=CARTESIAN_POINT('',(0.199862431894253,9.43470080203828,17.7830508634579));
#3109=CARTESIAN_POINT('',(0.199862347602495,9.76841743830541,17.7713999456138));
#3116=CARTESIAN_POINT('',(4.43764266325946,6.77657509358327,18.1066613234908));
#3117=AXIS2_PLACEMENT_3D('',#3883,#3884,#3885);
#3119=CARTESIAN_POINT('',(4.43764266325946,6.77657509358327,18.1066613234908));
#3120=CARTESIAN_POINT('',(3.42041867135467,6.41523068882452,18.0673391862117));
#3121=CARTESIAN_POINT('',(2.39375350439861,6.74880686230857,18.0329869309999));
#3122=CARTESIAN_POINT('',(0.650380295378499,7.31525031703663,17.9746535976665));
#3123=CARTESIAN_POINT('',(0.26924811247036,9.10827753168927,17.9163202643332));
#3124=CARTESIAN_POINT('',(0.199862347602446,9.43470119858713,17.9057005813672));
#3125=CARTESIAN_POINT('',(0.199862347602445,9.7684178368858,17.8940381745822));
#3132=CARTESIAN_POINT('',(6.77486234760245,6.2684178368858,11.0066613234908));
#3133=CARTESIAN_POINT('',(-0.0251376523975515,6.2684178368858,11.0066613234908));
#3134=CARTESIAN_POINT('',(6.87486234760245,6.2684178368858,11.0066613234908));
#3135=VECTOR('',#3886,1000.0);
#3136=CARTESIAN_POINT('',(6.87486234760245,6.36841783688579,11.0066613234908));
#3137=CARTESIAN_POINT('',(6.77486234760245,6.2684178368858,11.0066613234908));
#3138=VECTOR('',#3887,1000.0);
#3139=CARTESIAN_POINT('',(6.87486234760245,13.1684178368858,11.0066613234908));
#3140=CARTESIAN_POINT('',(6.87486234760245,23.5179127734975,11.0066613234908));
#3141=VECTOR('',#3888,1000.0);
#3142=CARTESIAN_POINT('',(6.77486234760245,13.2684178368858,11.0066613234908));
#3143=CARTESIAN_POINT('',(6.87486234760244,13.1684178368858,11.0066613234908));
#3144=VECTOR('',#3889,1000.0);
#3145=CARTESIAN_POINT('',(-0.0251376523975567,13.2684178368858,11.0066613234908));
#3146=CARTESIAN_POINT('',(6.87486234760245,13.2684178368858,11.0066613234908));
#3147=VECTOR('',#3890,1000.0);
#3148=CARTESIAN_POINT('',(-0.125137652397555,13.1684178368858,11.0066613234908));
#3149=CARTESIAN_POINT('',(-0.125137652397555,13.1684178368858,11.0066613234908));
#3150=VECTOR('',#3891,1000.0);
#3151=CARTESIAN_POINT('',(-0.125137652397555,6.3684178368858,11.0066613234908));
#3152=CARTESIAN_POINT('',(-0.125137652397555,23.5179127734975,11.0066613234908));
#3153=VECTOR('',#3892,1000.0);
#3154=CARTESIAN_POINT('',(-0.0251376523975519,6.2684178368858,11.0066613234908));
#3155=VECTOR('',#3893,1000.0);
#3156=AXIS2_PLACEMENT_3D('',#3894,#3895,#3896);
#3157=AXIS2_PLACEMENT_3D('',#3897,#3898,#3899);
#3158=CARTESIAN_POINT('',(3.35324387931837,12.4433304787919,13.1066613234754));
#3159=CARTESIAN_POINT('',(3.35324387931837,12.4433304787919,13.1066613234754));
#3160=CARTESIAN_POINT('',(3.32179799153978,12.4454025573441,13.1066613234788));
#3161=CARTESIAN_POINT('',(3.26723479469584,12.4488191349935,13.1066272072109));
#3162=CARTESIAN_POINT('',(3.14968180781655,12.44948476789,13.106585686952));
#3163=CARTESIAN_POINT('',(3.10454260183403,12.4489038063137,13.1065737577027));
#3164=CARTESIAN_POINT('',(3.02788101685714,12.4454721667626,13.1065631298045));
#3165=CARTESIAN_POINT('',(3.00083656244419,12.4438977326389,13.106560742879));
#3166=CARTESIAN_POINT('',(2.95805144125091,12.4406871028959,13.106558683677));
#3167=CARTESIAN_POINT('',(2.9361045298165,12.4388692015892,13.1065580242605));
#3168=CARTESIAN_POINT('',(2.90953662134984,12.4363283671978,13.1065577329632));
#3169=CARTESIAN_POINT('',(2.89794495117126,12.4351441025972,13.1065576832074));
#3170=CARTESIAN_POINT('',(2.89017163679733,12.4343328079854,13.1065576633796));
#3171=CARTESIAN_POINT('',(2.88429072109505,12.4337018117078,13.106557660992));
#3172=CARTESIAN_POINT('',(2.81958958751718,12.4266636783197,13.1065576882196));
#3173=CARTESIAN_POINT('',(2.74939424030854,12.4168045409363,13.1065781845557));
#3174=CARTESIAN_POINT('',(2.63362814151998,12.3948547869082,13.1066168293016));
#3175=CARTESIAN_POINT('',(2.59330051982905,12.3863398672911,13.1066307623344));
#3176=CARTESIAN_POINT('',(2.50938143414421,12.3664342143225,13.1066530006182));
#3177=CARTESIAN_POINT('',(2.46466546248116,12.3547168894238,13.1066613227626));
#3178=CARTESIAN_POINT('',(2.24489877701109,12.29096791883,13.1066613264033));
#3179=CARTESIAN_POINT('',(2.08630418176691,12.2255664413238,13.1066936524452));
#3180=CARTESIAN_POINT('',(1.87601715857331,12.1185004309899,13.1066916074428));
#3181=CARTESIAN_POINT('',(1.81045829213978,12.0812956457855,13.1066852165788));
#3182=CARTESIAN_POINT('',(1.71870167197831,12.0245236897158,13.1066738097246));
#3183=CARTESIAN_POINT('',(1.67446520811312,11.9958931708998,13.1066678068206));
#3184=CARTESIAN_POINT('',(1.62564915652215,11.9623131854807,13.1066631261363));
#3185=CARTESIAN_POINT('',(1.60192764504084,11.9455073090249,13.1066618013265));
#3186=CARTESIAN_POINT('',(1.59190711071578,11.9383043815994,13.1066614987524));
#3187=CARTESIAN_POINT('',(1.58525901414126,11.9335026645497,13.1066613614396));
#3188=CARTESIAN_POINT('',(1.58337028895663,11.9321368150098,13.1066613256168));
#3189=CARTESIAN_POINT('',(1.42790545036534,11.8187701321164,13.1066612554574));
#3190=CARTESIAN_POINT('',(1.30154160540883,11.7045710026033,13.1063538412279));
#3191=CARTESIAN_POINT('',(1.13808227826313,11.532797456566,13.1064697685656));
#3192=CARTESIAN_POINT('',(1.08840311047591,11.4758629298977,13.1065294815564));
#3193=CARTESIAN_POINT('',(1.02062781699196,11.3925012888508,13.1066012971914));
#3194=CARTESIAN_POINT('',(0.988421774670678,11.3513267941161,13.1066329753169));
#3195=CARTESIAN_POINT('',(0.953652140935613,11.3044742728554,13.1066538963771));
#3196=CARTESIAN_POINT('',(0.936949031781204,11.2813781038436,13.1066594236654));
#3197=CARTESIAN_POINT('',(0.928765469747911,11.2699166969924,13.1066608423465));
#3198=CARTESIAN_POINT('',(0.925293961867951,11.265023674845,13.1066611506158));
#3199=CARTESIAN_POINT('',(0.922987534224798,11.2617659322181,13.1066612882641));
#3200=CARTESIAN_POINT('',(0.921008372478108,11.2589620209744,13.1066613233982));
#3201=CARTESIAN_POINT('',(0.90050643821713,11.2298810637093,13.1066613294157));
#3202=CARTESIAN_POINT('',(0.844804125021012,11.1534125568788,13.1065681653762));
#3203=CARTESIAN_POINT('',(0.729170073420724,10.9496587985296,13.1065398790656));
#3204=CARTESIAN_POINT('',(0.685585341341407,10.8666715262694,13.1065518346075));
#3205=CARTESIAN_POINT('',(0.618826342596907,10.7167520743495,13.1065962010641));
#3206=CARTESIAN_POINT('',(0.596372163188527,10.6625422809721,13.1066147807144));
#3207=CARTESIAN_POINT('',(0.563429737080663,10.5746256821732,13.106639164634));
#3208=CARTESIAN_POINT('',(0.547146075725072,10.5290186814545,13.1066503727844));
#3209=CARTESIAN_POINT('',(0.528733188525837,10.4728952837835,13.1066583657188));
#3210=CARTESIAN_POINT('',(0.519707003906752,10.4441032939797,13.1066605554951));
#3211=CARTESIAN_POINT('',(0.515880956894307,10.4316072937565,13.106661046091));
#3212=CARTESIAN_POINT('',(0.513340078026021,10.4232418297017,13.1066612665449));
#3213=CARTESIAN_POINT('',(0.51165529690379,10.4176388211438,13.1066613234864));
#3214=CARTESIAN_POINT('',(0.456979850203799,10.234686471762,13.1066613237694));
#3215=CARTESIAN_POINT('',(0.424949977450403,10.0637942796024,13.1066926827103));
#3216=CARTESIAN_POINT('',(0.398510297012933,9.82958145997967,13.1066904969298));
#3217=CARTESIAN_POINT('',(0.393288360089734,9.75512582058313,13.1066842672652));
#3218=CARTESIAN_POINT('',(0.389502021882346,9.64934275442896,13.1066732709184));
#3219=CARTESIAN_POINT('',(0.388622023773865,9.5979213522742,13.1066675072911));
#3220=CARTESIAN_POINT('',(0.389095347417542,9.54056050426514,13.1066630366573));
#3221=CARTESIAN_POINT('',(0.389591915749749,9.5165447411528,13.1066619555488));
#3222=CARTESIAN_POINT('',(0.389985202220273,9.50066069879121,13.1066614602658));
#3223=CARTESIAN_POINT('',(0.390286122405865,9.49056043192061,13.1066613247282));
#3224=CARTESIAN_POINT('',(0.391944152816627,9.44021524117319,13.1066613135916));
#3225=CARTESIAN_POINT('',(0.394934300946405,9.37829893379168,13.1066922915861));
#3226=CARTESIAN_POINT('',(0.406233238526089,9.26101386862313,13.1066624227426));
#3227=CARTESIAN_POINT('',(0.411159067458902,9.21786390341774,13.1066388685943));
#3228=CARTESIAN_POINT('',(0.421030250564314,9.1473906284245,13.1065589158629));
#3229=CARTESIAN_POINT('',(0.424727259351321,9.12297206237246,13.1065215800259));
#3230=CARTESIAN_POINT('',(0.431075881087271,9.08462928128733,13.1064870762748));
#3231=CARTESIAN_POINT('',(0.434448039492121,9.06504604135361,13.1064733969276));
#3232=CARTESIAN_POINT('',(0.438143510659767,9.04484577183637,13.1064656343124));
#3233=CARTESIAN_POINT('',(0.440682088666698,9.03124198669244,13.1064618360929));
#3234=CARTESIAN_POINT('',(0.442215150532587,9.02320475859323,13.1064605427814));
#3235=CARTESIAN_POINT('',(0.461245927126232,8.9250829745161,13.10645359471));
#3236=CARTESIAN_POINT('',(0.482041133076983,8.84076422095677,13.1065092619861));
#3237=CARTESIAN_POINT('',(0.514230190655809,8.72716767515779,13.1065870710833));
#3238=CARTESIAN_POINT('',(0.525129456035626,8.69143990600876,13.1066124179625));
#3239=CARTESIAN_POINT('',(0.541359980597588,8.64109034694597,13.1066402521682));
#3240=CARTESIAN_POINT('',(0.546750789146178,8.6248471067882,13.1066478529635));
#3241=CARTESIAN_POINT('',(0.55743621639779,8.59344218811126,13.1066583837365));
#3242=CARTESIAN_POINT('',(0.563313580382742,8.5766480442542,13.1066613150754));
#3243=CARTESIAN_POINT('',(0.605044070789523,8.45974908807072,13.1066613908134));
#3244=CARTESIAN_POINT('',(0.654990570840919,8.33625521861498,13.106627087935));
#3245=CARTESIAN_POINT('',(0.761651257873429,8.1269344755041,13.1066235740223));
#3246=CARTESIAN_POINT('',(0.802531818707147,8.0532054226397,13.1066293813456));
#3247=CARTESIAN_POINT('',(0.87357019249844,7.93802669991392,13.1066434156755));
#3248=CARTESIAN_POINT('',(0.89886950568172,7.89887528097395,13.106648811792));
#3249=CARTESIAN_POINT('',(0.939458035296244,7.83923384839278,13.1066555208658));
#3250=CARTESIAN_POINT('',(0.953427382765492,7.81920138900415,13.106657512133));
#3251=CARTESIAN_POINT('',(0.982279219341014,7.77887467089562,13.1066604113799));
#3252=CARTESIAN_POINT('',(0.996109040616354,7.75997911153212,13.1066613193689));
#3253=CARTESIAN_POINT('',(1.14377907931242,7.56376917466612,13.1066613564654));
#3254=CARTESIAN_POINT('',(1.27553035145409,7.42657135115134,13.1067132897837));
#3255=CARTESIAN_POINT('',(1.50861730139599,7.21208429622911,13.1067052306121));
#3256=CARTESIAN_POINT('',(1.6101194465351,7.1343824727139,13.1066613234908));
#3257=CARTESIAN_POINT('',(1.68878825741814,7.0781057430184,13.1066613234908));
#3258=CARTESIAN_POINT('',(5.01031974976725,7.04703875897247,13.1066613234763));
#3259=CARTESIAN_POINT('',(5.11087606231988,7.11601524632645,13.106661323475));
#3260=CARTESIAN_POINT('',(5.23639805503474,7.20977893296285,13.1068565106819));
#3261=CARTESIAN_POINT('',(5.40720263112879,7.36718910124766,13.1068507790708));
#3262=CARTESIAN_POINT('',(5.44263332338338,7.40134532048789,13.1068397732021));
#3263=CARTESIAN_POINT('',(5.50710872565085,7.46643967727673,13.1067379026392));
#3264=CARTESIAN_POINT('',(5.53751959148255,7.49857333952519,13.1067036207024));
#3265=CARTESIAN_POINT('',(5.62356290693116,7.59317866188627,13.106639954104));
#3266=CARTESIAN_POINT('',(5.67396252974334,7.65380124147225,13.106644142338));
#3267=CARTESIAN_POINT('',(5.74021997981378,7.73894500819447,13.1066506248599));
#3268=CARTESIAN_POINT('',(5.76075156332317,7.76636677314647,13.1066530438916));
#3269=CARTESIAN_POINT('',(5.79890962655029,7.81900436528046,13.1066493575012));
#3270=CARTESIAN_POINT('',(5.81356345805994,7.83992260370071,13.106644288676));
#3271=CARTESIAN_POINT('',(5.8642127212458,7.91427970149327,13.1066245587838));
#3272=CARTESIAN_POINT('',(5.899496440707,7.96922833499419,13.1066053240474));
#3273=CARTESIAN_POINT('',(6.00716982116919,8.15154936002365,13.1065610756791));
#3274=CARTESIAN_POINT('',(6.08163733532996,8.29662247550087,13.1065596212911));
#3275=CARTESIAN_POINT('',(6.18193464439806,8.5524782461812,13.1066064155618));
#3276=CARTESIAN_POINT('',(6.21339960016743,8.64409232499889,13.1066280365854));
#3277=CARTESIAN_POINT('',(6.25521658321575,8.79071351903759,13.1066423447454));
#3278=CARTESIAN_POINT('',(6.26946082319406,8.84593988827032,13.1066452280414));
#3279=CARTESIAN_POINT('',(6.29334062368292,8.95041213414586,13.1066630428648));
#3280=CARTESIAN_POINT('',(6.30350116390273,9.00121046906908,13.1066745442563));
#3281=CARTESIAN_POINT('',(6.34666012322882,9.24736520974591,13.1067291860837));
#3282=CARTESIAN_POINT('',(6.35702375283176,9.4186332998572,13.1067440245378));
#3283=CARTESIAN_POINT('',(6.35777718636905,9.63264437609545,13.1067032630015));
#3284=CARTESIAN_POINT('',(6.35550076836259,9.69694991767224,13.1066831511007));
#3285=CARTESIAN_POINT('',(6.35031019131288,9.78302200704965,13.1066630188877));
#3286=CARTESIAN_POINT('',(6.34827890384468,9.80998477588252,13.1066580634863));
#3287=CARTESIAN_POINT('',(6.34553552466421,9.84156153792294,13.1066564936981));
#3288=CARTESIAN_POINT('',(6.3449765385075,9.84777058170713,13.1066564113089));
#3289=CARTESIAN_POINT('',(6.34384186360275,9.85997697366567,13.1066567713031));
#3290=CARTESIAN_POINT('',(6.34333373379922,9.8653846017267,13.1066572102425));
#3291=CARTESIAN_POINT('',(6.34038267220933,9.89490555311398,13.1066602775255));
#3292=CARTESIAN_POINT('',(6.32958110184104,9.99329524888134,13.1066731872273));
#3293=CARTESIAN_POINT('',(6.31392450231398,10.0914602491889,13.1066929614169));
#3294=CARTESIAN_POINT('',(6.29048054291618,10.2084265676768,13.1066986273736));
#3295=CARTESIAN_POINT('',(6.27759624419204,10.266701675119,13.1066969530639));
#3296=CARTESIAN_POINT('',(6.26054955722375,10.334190835795,13.1066818800949));
#3297=CARTESIAN_POINT('',(6.25281523115898,10.3629937088672,13.1066720639453));
#3298=CARTESIAN_POINT('',(6.24756415250831,10.3821671515523,13.1066647140957));
#3299=CARTESIAN_POINT('',(6.24431724389067,10.3937599371567,13.1066613232507));
#3300=CARTESIAN_POINT('',(6.2076553444655,10.5226866012275,13.1066613273321));
#3301=CARTESIAN_POINT('',(6.15735082726827,10.6696962682552,13.1065373412043));
#3302=CARTESIAN_POINT('',(6.06869285296169,10.8573715830653,13.1065315909293));
#3303=CARTESIAN_POINT('',(6.0583925993605,10.8785234681654,13.1065326635002));
#3304=CARTESIAN_POINT('',(6.04222697201843,10.9106678037546,13.1065372892256));
#3305=CARTESIAN_POINT('',(6.03897425122273,10.9170171227056,13.106538509864));
#3306=CARTESIAN_POINT('',(6.03180834923999,10.9309340457614,13.1065404014201));
#3307=CARTESIAN_POINT('',(6.01355976496284,10.9660169212702,13.106544380288));
#3308=CARTESIAN_POINT('',(5.99360044557221,11.0025276627899,13.1065452618376));
#3309=CARTESIAN_POINT('',(5.94208158908142,11.0926440371097,13.1065453208047));
#3310=CARTESIAN_POINT('',(5.90291217049062,11.1560629915381,13.1065431928808));
#3311=CARTESIAN_POINT('',(5.81313167157641,11.2877932468755,13.1065445348887));
#3312=CARTESIAN_POINT('',(5.7625122339716,11.3561074321726,13.1065483401268));
#3313=CARTESIAN_POINT('',(5.64817285205571,11.4951505947918,13.1065496259083));
#3314=CARTESIAN_POINT('',(5.58188344473769,11.5681213187738,13.1065319297392));
#3315=CARTESIAN_POINT('',(5.38881583853842,11.7605910881553,13.106531691672));
#3316=CARTESIAN_POINT('',(5.25900621623966,11.8655482864255,13.1065992541583));
#3317=CARTESIAN_POINT('',(5.0738817666758,11.9943376768804,13.1066146840757));
#3318=CARTESIAN_POINT('',(5.01371706590092,12.0325306245935,13.1066082170309));
#3319=CARTESIAN_POINT('',(4.92671455792044,12.0837027926242,13.1065775905961));
#3320=CARTESIAN_POINT('',(4.90059451102262,12.0984510774674,13.1065672486341));
#3321=CARTESIAN_POINT('',(4.84331668731205,12.1296262988169,13.1065767006226));
#3322=CARTESIAN_POINT('',(4.81314578056693,12.1454257928307,13.1065913270766));
#3323=CARTESIAN_POINT('',(4.65455436244,12.2246133553997,13.1066926338576));
#3324=CARTESIAN_POINT('',(4.50245313693766,12.2887546941618,13.1068835801794));
#3325=CARTESIAN_POINT('',(4.28360005920646,12.3536613185146,13.10672712337));
#3326=CARTESIAN_POINT('',(4.23860636777434,12.3658151564665,13.1066527175947));
#3327=CARTESIAN_POINT('',(4.16850343554539,12.3827756368227,13.1065769398323));
#3328=CARTESIAN_POINT('',(4.14935407368155,12.3871333004068,13.1065667014492));
#3329=CARTESIAN_POINT('',(4.1100609538232,12.395671591086,13.1065435277824));
#3330=CARTESIAN_POINT('',(4.01155940493742,12.4159195950897,13.1064971471281));
#3331=CARTESIAN_POINT('',(3.91189689332634,12.4306007382429,13.1065025339784));
#3332=CARTESIAN_POINT('',(3.67197363577784,12.454856321872,13.1065609464035));
#3333=CARTESIAN_POINT('',(3.51105988990903,12.4562944154525,13.1066613234916));
#3334=CARTESIAN_POINT('',(3.35324387931837,12.4433304787919,13.1066613234754));
#3335=CARTESIAN_POINT('',(4.43764266325946,6.77657509358327,18.1066613234908));
#3336=CARTESIAN_POINT('',(4.28434217703217,6.7327725552721,18.1066613234908));
#3337=CARTESIAN_POINT('',(4.1282474005746,6.70074194461992,18.1065955523179));
#3338=CARTESIAN_POINT('',(3.89396087340777,6.67076581411369,18.1065468575445));
#3339=CARTESIAN_POINT('',(3.8158428165721,6.66377255820181,18.1065389686691));
#3340=CARTESIAN_POINT('',(3.69913215744827,6.65771844687114,18.1065576725133));
#3341=CARTESIAN_POINT('',(3.66030619863997,6.65643892554575,18.1065689890417));
#3342=CARTESIAN_POINT('',(3.58289037586988,6.65533743045014,18.1066046720675));
#3343=CARTESIAN_POINT('',(3.54543635009704,6.65548902149941,18.1066280850346));
#3344=CARTESIAN_POINT('',(3.34759474825321,6.66009198415906,18.1067942773154));
#3345=CARTESIAN_POINT('',(3.18949778264097,6.67557382325004,18.1067916646566));
#3346=CARTESIAN_POINT('',(2.95664341700686,6.71611482591104,18.1067414778959));
#3347=CARTESIAN_POINT('',(2.87974010262754,6.73250151009001,18.1067169797091));
#3348=CARTESIAN_POINT('',(2.72800239102246,6.77080246957127,18.1066768740705));
#3349=CARTESIAN_POINT('',(2.65457983683677,6.79224561108629,18.1066612884279));
#3350=CARTESIAN_POINT('',(2.50475282486956,6.84222910057817,18.1066613585537));
#3351=CARTESIAN_POINT('',(2.43194875371911,6.86975825299805,18.1067869813153));
#3352=CARTESIAN_POINT('',(2.32328228424043,6.91561267837279,18.1068384918573));
#3353=CARTESIAN_POINT('',(2.2690952650789,6.93969682692445,18.106830486848));
#3354=CARTESIAN_POINT('',(2.20625862904133,6.96983928295344,18.1067643371381));
#3355=CARTESIAN_POINT('',(2.17495191304126,6.98542296225683,18.1067173895023));
#3356=CARTESIAN_POINT('',(2.16156040885858,6.99221161176239,18.1066943328054));
#3357=CARTESIAN_POINT('',(2.15263863668677,6.99676181710995,18.106678313343));
#3358=CARTESIAN_POINT('',(2.14628838104527,7.00002592492665,18.106666302625));
#3359=CARTESIAN_POINT('',(2.10272464191827,7.02251285614255,18.1065816573427));
#3360=CARTESIAN_POINT('',(2.04814186865714,7.05196312684622,18.106580892943));
#3361=CARTESIAN_POINT('',(1.9477997820865,7.1125529837703,18.1066116041947));
#3362=CARTESIAN_POINT('',(1.91129029697161,7.13550543512863,18.1066268464341));
#3363=CARTESIAN_POINT('',(1.8523626327545,7.17472259496286,18.106645530112));
#3364=CARTESIAN_POINT('',(1.8218603437406,7.19552972566045,18.1066538333662));
#3365=CARTESIAN_POINT('',(1.78457955276638,7.22205804428346,18.1066593619426));
#3366=CARTESIAN_POINT('',(1.76553318098533,7.23590571995557,18.1066608241125));
#3367=CARTESIAN_POINT('',(1.75728542264228,7.2419676444237,18.1066611449677));
#3368=CARTESIAN_POINT('',(1.75176824759675,7.24603743766083,18.1066612880515));
#3369=CARTESIAN_POINT('',(1.74721239167056,7.24941509531502,18.1066613237354));
#3370=CARTESIAN_POINT('',(1.68291377476146,7.29719153999234,18.1066613078362));
#3371=CARTESIAN_POINT('',(1.58926946844268,7.36989594717478,18.1067248503668));
#3372=CARTESIAN_POINT('',(1.41777867082867,7.53281353541585,18.1067362966762));
#3373=CARTESIAN_POINT('',(1.3555886750917,7.59618299961007,18.1067264854899));
#3374=CARTESIAN_POINT('',(1.25823483116149,7.7069569998978,18.1066987896104));
#3375=CARTESIAN_POINT('',(1.22511900495066,7.74649980354042,18.1066877524726));
#3376=CARTESIAN_POINT('',(1.17500911597069,7.80996033403502,18.106673713478));
#3377=CARTESIAN_POINT('',(1.14984648952705,7.84272644982356,18.1066673766372));
#3378=CARTESIAN_POINT('',(1.12463954864291,7.87707914997903,18.1066635772784));
#3379=CARTESIAN_POINT('',(1.10783891044486,7.90033645966204,18.1066618173301));
#3380=CARTESIAN_POINT('',(1.09818165408284,7.91394143392023,18.1066613222614));
#3381=CARTESIAN_POINT('',(0.97696375208502,8.08712063416071,18.1066613431605));
#3382=CARTESIAN_POINT('',(0.89139819910593,8.24411520893167,18.1066209164096));
#3383=CARTESIAN_POINT('',(0.793352763299338,8.45847772534901,18.1066241455097));
#3384=CARTESIAN_POINT('',(0.765698064737072,8.52650531196016,18.1066322354986));
#3385=CARTESIAN_POINT('',(0.730192104397564,8.62262326388104,18.1066462613683));
#3386=CARTESIAN_POINT('',(0.719353833974843,8.65367973564007,18.1066511299773));
#3387=CARTESIAN_POINT('',(0.704409293813067,8.69872707751436,18.1066567787478));
#3388=CARTESIAN_POINT('',(0.697265401973048,8.72086673186366,18.1066591824407));
#3389=CARTESIAN_POINT('',(0.690581394829927,8.74242125038078,18.1066605354223));
#3390=CARTESIAN_POINT('',(0.68622407241648,8.75666005748016,18.1066611542267));
#3391=CARTESIAN_POINT('',(0.6844983952337,8.76235901636113,18.1066613219239));
#3392=CARTESIAN_POINT('',(0.662130031976868,8.83744710011899,18.1066613360256));
#3393=CARTESIAN_POINT('',(0.643231531139524,8.90950049582662,18.1066521555591));
#3394=CARTESIAN_POINT('',(0.618210910241891,9.02502357037304,18.1066846625748));
#3395=CARTESIAN_POINT('',(0.610426526436792,9.06476748871601,18.1067033814392));
#3396=CARTESIAN_POINT('',(0.599820194463002,9.12613061584108,18.1067522913981));
#3397=CARTESIAN_POINT('',(0.596463124898681,9.14687588748445,18.106772076864));
#3398=CARTESIAN_POINT('',(0.591724409781896,9.17841386735558,18.1068081926929));
#3399=CARTESIAN_POINT('',(0.590193495332501,9.18899960192756,18.1068209491317));
#3400=CARTESIAN_POINT('',(0.587218854299804,9.21039323225079,18.1068390908165));
#3401=CARTESIAN_POINT('',(0.58592372527712,9.22004523353797,18.1068452194006));
#3402=CARTESIAN_POINT('',(0.572074489953833,9.3284461458858,18.1068846222184));
#3403=CARTESIAN_POINT('',(0.565842605253584,9.4165897156929,18.1068298013688));
#3404=CARTESIAN_POINT('',(0.561995246634865,9.53463385679711,18.1067461957482));
#3405=CARTESIAN_POINT('',(0.5616314156747,9.57163291915976,18.1067175784057));
#3406=CARTESIAN_POINT('',(0.562048910047527,9.62347690562684,18.106685764674));
#3407=CARTESIAN_POINT('',(0.562348983817901,9.64014974390335,18.106676982738));
#3408=CARTESIAN_POINT('',(0.563206865033916,9.67226318517443,18.1066647677724));
#3409=CARTESIAN_POINT('',(0.563836694117282,9.68932964987282,18.1066613330816));
#3410=CARTESIAN_POINT('',(0.569097321857301,9.80806575138498,18.1066612467644));
#3411=CARTESIAN_POINT('',(0.580789479222728,9.93952902050804,18.1067152850198));
#3412=CARTESIAN_POINT('',(0.625060726471569,10.1716651028481,18.1067217511329));
#3413=CARTESIAN_POINT('',(0.644342169117333,10.2547979228758,18.1067127718367));
#3414=CARTESIAN_POINT('',(0.682481633848388,10.3867046588245,18.1066903367353));
#3415=CARTESIAN_POINT('',(0.696732603691813,10.4318666420282,18.106681639858));
#3416=CARTESIAN_POINT('',(0.72871664518573,10.5242305189714,18.1066671477296));
#3417=CARTESIAN_POINT('',(0.745941427881054,10.5701905316121,18.1066613358884));
#3418=CARTESIAN_POINT('',(0.846831403764307,10.8164427606554,18.1066612739001));
#3419=CARTESIAN_POINT('',(0.939326381937055,10.9780441077321,18.1065940116318));
#3420=CARTESIAN_POINT('',(1.11511786811292,11.2395237816634,18.1066031649932));
#3421=CARTESIAN_POINT('',(1.19849288617115,11.3398474198574,18.1066613234908));
#3422=CARTESIAN_POINT('',(1.26840175346868,11.4171897329835,18.1066613234908));
#3423=CARTESIAN_POINT('',(1.26840175346868,11.4171897329835,18.1066613234908));
#3424=CARTESIAN_POINT('',(1.33526544342879,11.5163490334394,18.1066613234908));
#3425=CARTESIAN_POINT('',(1.42943119321099,11.641407311459,18.106481499007));
#3426=CARTESIAN_POINT('',(1.57664070023164,11.7934883976808,18.1067560602804));
#3427=CARTESIAN_POINT('',(1.593654246475,11.810613025516,18.1067795574389));
#3428=CARTESIAN_POINT('',(1.62916575812096,11.8453259492899,18.1067958499306));
#3429=CARTESIAN_POINT('',(1.6426485655555,11.8581254333379,18.1067948984238));
#3430=CARTESIAN_POINT('',(1.68807793344443,11.9004965299106,18.1067943783213));
#3431=CARTESIAN_POINT('',(1.71873477407427,11.9278151366001,18.1067859942539));
#3432=CARTESIAN_POINT('',(1.81151990128201,12.006950255451,18.1067493558444));
#3433=CARTESIAN_POINT('',(1.87445971931333,12.0559361022613,18.1067098766304));
#3434=CARTESIAN_POINT('',(1.96933827065181,12.1238114514214,18.1066746491272));
#3435=CARTESIAN_POINT('',(2.00500635619615,12.1482169552121,18.1066658682787));
#3436=CARTESIAN_POINT('',(2.0406590773221,12.1714672837168,18.1066664583933));
#3437=CARTESIAN_POINT('',(2.04858120181444,12.1766056331572,18.1066668323216));
#3438=CARTESIAN_POINT('',(2.04852187287467,12.1765633547048,18.1066669076726));
#3439=CARTESIAN_POINT('',(2.0528875164193,12.1793819965683,18.1066676763065));
#3440=CARTESIAN_POINT('',(2.06206919214181,12.1852894220739,18.1066704392823));
#3441=CARTESIAN_POINT('',(2.07261501349538,12.1919939205264,18.1066765651441));
#3442=CARTESIAN_POINT('',(2.1108662957373,12.2160414719746,18.1067028783977));
#3443=CARTESIAN_POINT('',(2.15135191555273,12.2407808216971,18.1067430679197));
#3444=CARTESIAN_POINT('',(2.30586277656711,12.3272816628507,18.1068493312955));
#3445=CARTESIAN_POINT('',(2.45326210139131,12.4025228430515,18.1068717189009));
#3446=CARTESIAN_POINT('',(2.75588762745135,12.5067161322277,18.1067522351565));
#3447=CARTESIAN_POINT('',(2.87032977221858,12.5397016847185,18.106691976666));
#3448=CARTESIAN_POINT('',(3.01444177682785,12.5696278642991,18.1066713377217));
#3449=CARTESIAN_POINT('',(3.03066569384958,12.572851998038,18.1066697913694));
#3450=CARTESIAN_POINT('',(3.06353324468149,12.579078207306,18.1066686018454));
#3451=CARTESIAN_POINT('',(3.07277736560335,12.5807319272048,18.1066685191188));
#3452=CARTESIAN_POINT('',(3.10816115274757,12.5869366679023,18.1066667009698));
#3453=CARTESIAN_POINT('',(3.17844535259804,12.5983215965952,18.1066606440324));
#3454=CARTESIAN_POINT('',(3.24714557635607,12.6067691929082,18.1066504352564));
#3455=CARTESIAN_POINT('',(3.47212683808711,12.6290292836208,18.1066170544497));
#3456=CARTESIAN_POINT('',(3.63891034882243,12.6280041943921,18.1066046762879));
#3457=CARTESIAN_POINT('',(3.86407869142204,12.6103039178797,18.1066306539823));
#3458=CARTESIAN_POINT('',(3.93503600387419,12.6017008450784,18.1066442528209));
#3459=CARTESIAN_POINT('',(4.03517229559783,12.5860741404801,18.1066585961664));
#3460=CARTESIAN_POINT('',(4.07558681132695,12.5789937568025,18.1066632097987));
#3461=CARTESIAN_POINT('',(4.11824596893878,12.5705942955363,18.1066638239924));
#3462=CARTESIAN_POINT('',(4.12973362731495,12.5682567559685,18.1066635667617));
#3463=CARTESIAN_POINT('',(4.13545303033509,12.5670804697216,18.1066633626925));
#3464=CARTESIAN_POINT('',(4.13600044247261,12.566970099774,18.1066632814756));
#3465=CARTESIAN_POINT('',(4.14454491248236,12.5651910845654,18.1066630344742));
#3466=CARTESIAN_POINT('',(4.18273302022989,12.557150622176,18.1066644075196));
#3467=CARTESIAN_POINT('',(4.21856767641866,12.5488305023174,18.1066875060024));
#3468=CARTESIAN_POINT('',(4.36876339518882,12.5116065653713,18.1068557222402));
#3469=CARTESIAN_POINT('',(4.46275390060601,12.4804189313926,18.1068627085409));
#3470=CARTESIAN_POINT('',(4.56567008903775,12.4434093833133,18.1067694868393));
#3471=CARTESIAN_POINT('',(4.59354780337811,12.4326804394556,18.1067327661802));
#3472=CARTESIAN_POINT('',(4.6257883574286,12.4199707554792,18.1066922398437));
#3473=CARTESIAN_POINT('',(4.63493974501061,12.4162936434241,18.10668102553));
#3474=CARTESIAN_POINT('',(4.64628300721701,12.4116975702638,18.1066694333766));
#3475=CARTESIAN_POINT('',(4.65135866678789,12.4096289997647,18.1066649340029));
#3476=CARTESIAN_POINT('',(4.65623905192349,12.4076302424009,18.1066622365357));
#3477=CARTESIAN_POINT('',(4.6581076829502,12.4068635699695,18.1066616509048));
#3478=CARTESIAN_POINT('',(4.65930390583491,12.406372555519,18.1066613896986));
#3479=CARTESIAN_POINT('',(4.65844312520723,12.4067262191589,18.1066613243176));
#3480=CARTESIAN_POINT('',(4.78731957428023,12.353785512428,18.1066612705745));
#3481=CARTESIAN_POINT('',(4.92817429290037,12.2859992617582,18.1066752955928));
#3482=CARTESIAN_POINT('',(5.09676597090388,12.1836136506881,18.1066622519804));
#3483=CARTESIAN_POINT('',(5.11799179761888,12.1704070646632,18.10666035876));
#3484=CARTESIAN_POINT('',(5.13936971651722,12.1567227445676,18.1066582758187));
#3485=CARTESIAN_POINT('',(5.14412405380249,12.1536699344117,18.1066578089044));
#3486=CARTESIAN_POINT('',(5.1435746829159,12.1540218575443,18.1066578726749));
#3487=CARTESIAN_POINT('',(5.14517813471761,12.1529903608648,18.1066578198537));
#3488=CARTESIAN_POINT('',(5.1485537952943,12.1508163970089,18.1066579406956));
#3489=CARTESIAN_POINT('',(5.16278286247974,12.141614452025,18.1066607611283));
#3490=CARTESIAN_POINT('',(5.18131346955582,12.1294785393702,18.1066699731222));
#3491=CARTESIAN_POINT('',(5.23622502844874,12.0924730658735,18.1066978175711));
#3492=CARTESIAN_POINT('',(5.28684145658352,12.0573814325213,18.1067234544335));
#3493=CARTESIAN_POINT('',(5.41269636464134,11.9606925653489,18.106747317007));
#3494=CARTESIAN_POINT('',(5.48799110296621,11.8990444374226,18.1067426295542));
#3495=CARTESIAN_POINT('',(5.61420799297407,11.780815077053,18.1067207824955));
#3496=CARTESIAN_POINT('',(5.65845861271135,11.7371003114164,18.1067117292944));
#3497=CARTESIAN_POINT('',(5.71564903476078,11.6764558566037,18.1067075420072));
#3498=CARTESIAN_POINT('',(5.73294565395743,11.6578126965152,18.1067068646412));
#3499=CARTESIAN_POINT('',(5.7504237733042,11.6384784038221,18.1067074597255));
#3500=CARTESIAN_POINT('',(5.76211293596271,11.625433535169,18.1067081907143));
#3501=CARTESIAN_POINT('',(5.76652315059503,11.620461255693,18.1067086361795));
#3502=CARTESIAN_POINT('',(5.78548924896962,11.5989939265847,18.1067100131933));
#3503=CARTESIAN_POINT('',(5.80032254736629,11.5818062206678,18.1067103104908));
#3504=CARTESIAN_POINT('',(5.93081523537295,11.4271437650658,18.1067080013614));
#3505=CARTESIAN_POINT('',(6.02526960539451,11.2901202994451,18.1066814635859));
#3506=CARTESIAN_POINT('',(6.14074350843091,11.0955165243038,18.106676578745));
#3507=CARTESIAN_POINT('',(6.17489576215922,11.0324191119943,18.106678675234));
#3508=CARTESIAN_POINT('',(6.23572101904039,10.9108964507037,18.1066828928752));
#3509=CARTESIAN_POINT('',(6.26915633424479,10.8381698447445,18.1066812402074));
#3510=CARTESIAN_POINT('',(6.35727471739993,10.6233183240116,18.1067017278655));
#3511=CARTESIAN_POINT('',(6.40636778197311,10.4732986774961,18.1069598890418));
#3512=CARTESIAN_POINT('',(6.45386288467363,10.271979646307,18.1068622822241));
#3513=CARTESIAN_POINT('',(6.46377384538148,10.2257661631895,18.1068021472457));
#3514=CARTESIAN_POINT('',(6.4727099154624,10.1785477470937,18.1066991079044));
#3515=CARTESIAN_POINT('',(6.47467130732243,10.1680300915568,18.1066751529178));
#3516=CARTESIAN_POINT('',(6.47473249654022,10.1676802466513,18.1066745128205));
#3517=CARTESIAN_POINT('',(6.47598187950079,10.1609124585362,18.1066617989174));
#3518=CARTESIAN_POINT('',(6.47865339297959,10.1463366118676,18.1066406370512));
#3519=CARTESIAN_POINT('',(6.48180300821008,10.1286205859444,18.1066312968286));
#3520=CARTESIAN_POINT('',(6.49313138405078,10.062484147291,18.106621057064));
#3521=CARTESIAN_POINT('',(6.505114535668,9.98693127447556,18.1066823303591));
#3522=CARTESIAN_POINT('',(6.51994557865969,9.83709933626958,18.1067356664181));
#3523=CARTESIAN_POINT('',(6.52431220277427,9.78106485630779,18.1067464124763));
#3524=CARTESIAN_POINT('',(6.52783351480928,9.70320554331017,18.1067353762317));
#3525=CARTESIAN_POINT('',(6.52818195994483,9.69368714786831,18.106733259429));
#3526=CARTESIAN_POINT('',(6.52890469826317,9.67239033810134,18.1067287792445));
#3527=CARTESIAN_POINT('',(6.52982200834107,9.64063195031153,18.1067214859226));
#3528=CARTESIAN_POINT('',(6.53025676127987,9.60944572117625,18.1067130236194));
#3529=CARTESIAN_POINT('',(6.53071320903847,9.50681018778125,18.106684493757));
#3530=CARTESIAN_POINT('',(6.52790395051074,9.42893975604429,18.1066613234908));
#3531=CARTESIAN_POINT('',(6.52293078898161,9.35575564041925,18.1066613234908));
#3532=AXIS2_PLACEMENT_3D('',#3900,#3901,#3902);
#3533=AXIS2_PLACEMENT_3D('',#3903,#3904,#3905);
#3534=AXIS2_PLACEMENT_3D('',#3906,#3907,#3908);
#3536=CARTESIAN_POINT('',(1.26840175346868,11.4171897329835,18.1066613234908));
#3537=CARTESIAN_POINT('',(1.4119049728777,11.6005285426343,18.0971225708429));
#3538=CARTESIAN_POINT('',(1.58492473393062,11.756318322112,18.0883287322614));
#3539=CARTESIAN_POINT('',(2.73263961419819,12.7897392851981,18.029995398928));
#3540=CARTESIAN_POINT('',(4.20146586116788,12.312499524128,17.9716620655947));
#3541=CARTESIAN_POINT('',(5.67029210813757,11.8352597630579,17.9133287322614));
#3542=CARTESIAN_POINT('',(5.99140347483969,10.3245990389018,17.854995398928));
#3543=CARTESIAN_POINT('',(6.31251484154183,8.81393831474561,17.7966620655947));
#3544=CARTESIAN_POINT('',(5.16479996127426,7.78051735165955,17.7383287322614));
#3545=CARTESIAN_POINT('',(4.01708508100671,6.74709638857349,17.679995398928));
#3546=CARTESIAN_POINT('',(2.54825883403701,7.22433614964358,17.6216620655947));
#3547=CARTESIAN_POINT('',(1.07943258706733,7.70157591071367,17.5633287322613));
#3548=CARTESIAN_POINT('',(0.758321220365195,9.21223663486983,17.504995398928));
#3549=CARTESIAN_POINT('',(0.437209853663066,10.722897359026,17.4466620655947));
#3550=CARTESIAN_POINT('',(1.58492473393062,11.756318322112,17.3883287322614));
#3551=CARTESIAN_POINT('',(2.73263961419819,12.7897392851981,17.329995398928));
#3552=CARTESIAN_POINT('',(4.20146586116788,12.312499524128,17.2716620655947));
#3553=CARTESIAN_POINT('',(5.67029210813757,11.8352597630579,17.2133287322613));
#3554=CARTESIAN_POINT('',(5.99140347483969,10.3245990389018,17.154995398928));
#3555=CARTESIAN_POINT('',(6.31251484154183,8.81393831474561,17.0966620655947));
#3556=CARTESIAN_POINT('',(5.16479996127426,7.78051735165955,17.0383287322614));
#3557=CARTESIAN_POINT('',(4.01708508100671,6.74709638857349,16.979995398928));
#3558=CARTESIAN_POINT('',(2.54825883403701,7.22433614964358,16.9216620655947));
#3559=CARTESIAN_POINT('',(1.07943258706733,7.70157591071367,16.8633287322614));
#3560=CARTESIAN_POINT('',(0.758321220365195,9.21223663486983,16.804995398928));
#3561=CARTESIAN_POINT('',(0.437209853663066,10.722897359026,16.7466620655947));
#3562=CARTESIAN_POINT('',(1.58492473393062,11.756318322112,16.6883287322614));
#3563=CARTESIAN_POINT('',(2.73263961419819,12.7897392851981,16.629995398928));
#3564=CARTESIAN_POINT('',(4.20146586116788,12.312499524128,16.5716620655947));
#3565=CARTESIAN_POINT('',(5.67029210813757,11.8352597630579,16.5133287322614));
#3566=CARTESIAN_POINT('',(5.99140347483969,10.3245990389018,16.454995398928));
#3567=CARTESIAN_POINT('',(6.31251484154183,8.81393831474561,16.3966620655947));
#3568=CARTESIAN_POINT('',(5.16479996127426,7.78051735165955,16.3383287322613));
#3569=CARTESIAN_POINT('',(4.01708508100671,6.74709638857349,16.279995398928));
#3570=CARTESIAN_POINT('',(2.54825883403701,7.22433614964358,16.2216620655947));
#3571=CARTESIAN_POINT('',(1.07943258706733,7.70157591071367,16.1633287322613));
#3572=CARTESIAN_POINT('',(0.758321220365195,9.21223663486983,16.104995398928));
#3573=CARTESIAN_POINT('',(0.437209853663066,10.722897359026,16.0466620655947));
#3574=CARTESIAN_POINT('',(1.58492473393062,11.756318322112,15.9883287322613));
#3575=CARTESIAN_POINT('',(2.73263961419819,12.7897392851981,15.929995398928));
#3576=CARTESIAN_POINT('',(4.20146586116788,12.312499524128,15.8716620655947));
#3577=CARTESIAN_POINT('',(5.67029210813757,11.8352597630579,15.8133287322614));
#3578=CARTESIAN_POINT('',(5.99140347483969,10.3245990389018,15.754995398928));
#3579=CARTESIAN_POINT('',(6.31251484154183,8.81393831474561,15.6966620655947));
#3580=CARTESIAN_POINT('',(5.16479996127426,7.78051735165955,15.6383287322614));
#3581=CARTESIAN_POINT('',(4.01708508100671,6.74709638857349,15.579995398928));
#3582=CARTESIAN_POINT('',(2.54825883403701,7.22433614964358,15.5216620655947));
#3583=CARTESIAN_POINT('',(1.07943258706733,7.70157591071367,15.4633287322614));
#3584=CARTESIAN_POINT('',(0.758321220365195,9.21223663486983,15.404995398928));
#3585=CARTESIAN_POINT('',(0.437209853663066,10.722897359026,15.3466620655947));
#3586=CARTESIAN_POINT('',(1.58492473393062,11.756318322112,15.2883287322614));
#3587=CARTESIAN_POINT('',(2.73263961419819,12.7897392851981,15.229995398928));
#3588=CARTESIAN_POINT('',(4.20146586116788,12.312499524128,15.1716620655947));
#3589=CARTESIAN_POINT('',(5.67029210813757,11.8352597630579,15.1133287322613));
#3590=CARTESIAN_POINT('',(5.99140347483969,10.3245990389018,15.054995398928));
#3591=CARTESIAN_POINT('',(6.31251484154183,8.81393831474561,14.9966620655947));
#3592=CARTESIAN_POINT('',(5.16479996127426,7.78051735165955,14.9383287322614));
#3593=CARTESIAN_POINT('',(4.01708508100671,6.74709638857349,14.879995398928));
#3594=CARTESIAN_POINT('',(2.54825883403701,7.22433614964358,14.8216620655947));
#3595=CARTESIAN_POINT('',(1.07943258706733,7.70157591071367,14.7633287322614));
#3596=CARTESIAN_POINT('',(0.758321220365195,9.21223663486983,14.704995398928));
#3597=CARTESIAN_POINT('',(0.437209853663066,10.722897359026,14.6466620655947));
#3598=CARTESIAN_POINT('',(1.58492473393062,11.756318322112,14.5883287322614));
#3599=CARTESIAN_POINT('',(2.73263961419819,12.7897392851981,14.529995398928));
#3600=CARTESIAN_POINT('',(4.20146586116788,12.312499524128,14.4716620655947));
#3601=CARTESIAN_POINT('',(5.67029210813757,11.8352597630579,14.4133287322613));
#3602=CARTESIAN_POINT('',(5.99140347483969,10.3245990389018,14.354995398928));
#3603=CARTESIAN_POINT('',(6.31251484154183,8.81393831474561,14.2966620655947));
#3604=CARTESIAN_POINT('',(5.16479996127426,7.78051735165955,14.2383287322614));
#3605=CARTESIAN_POINT('',(4.01708508100671,6.74709638857349,14.179995398928));
#3606=CARTESIAN_POINT('',(2.54825883403701,7.22433614964358,14.1216620655947));
#3607=CARTESIAN_POINT('',(1.07943258706733,7.70157591071367,14.0633287322614));
#3608=CARTESIAN_POINT('',(0.758321220365195,9.21223663486983,14.004995398928));
#3609=CARTESIAN_POINT('',(0.437209853663066,10.722897359026,13.9466620655947));
#3610=CARTESIAN_POINT('',(1.58492473393062,11.756318322112,13.8883287322614));
#3611=CARTESIAN_POINT('',(2.73263961419819,12.7897392851981,13.829995398928));
#3612=CARTESIAN_POINT('',(4.20146586116788,12.312499524128,13.7716620655947));
#3613=CARTESIAN_POINT('',(5.67029210813757,11.8352597630579,13.7133287322614));
#3614=CARTESIAN_POINT('',(5.99140347483969,10.3245990389018,13.654995398928));
#3615=CARTESIAN_POINT('',(6.31251484154183,8.81393831474561,13.5966620655947));
#3616=CARTESIAN_POINT('',(5.16479996127426,7.78051735165955,13.5383287322614));
#3617=CARTESIAN_POINT('',(4.01708508100671,6.74709638857349,13.479995398928));
#3618=CARTESIAN_POINT('',(2.54825883403701,7.22433614964358,13.4216620655947));
#3619=CARTESIAN_POINT('',(1.07943258706733,7.70157591071367,13.3633287322613));
#3620=CARTESIAN_POINT('',(0.758321220365195,9.21223663486983,13.304995398928));
#3621=CARTESIAN_POINT('',(0.437209853663066,10.722897359026,13.2466620655947));
#3622=CARTESIAN_POINT('',(1.58492473393062,11.756318322112,13.1883287322613));
#3623=CARTESIAN_POINT('',(2.33881351122181,12.4351319191845,13.1500118592312));
#3624=CARTESIAN_POINT('',(3.35324387931837,12.4433304787919,13.1066613234754));
#3631=AXIS2_PLACEMENT_3D('',#3909,#3910,#3911);
#3632=AXIS2_PLACEMENT_3D('',#3912,#3913,#3914);
#3633=AXIS2_PLACEMENT_3D('',#3915,#3916,#3917);
#3634=CARTESIAN_POINT('',(-0.0251376523975515,6.2684178368858,4.00666132349076));
#3635=CARTESIAN_POINT('',(-0.0251376523975519,6.2684178368858,4.00666132349076));
#3636=VECTOR('',#3918,1000.0);
#3637=CARTESIAN_POINT('',(6.77486234760245,6.2684178368858,4.00666132349076));
#3638=CARTESIAN_POINT('',(6.87486234760245,6.2684178368858,4.00666132349076));
#3639=VECTOR('',#3919,1000.0);
#3640=CARTESIAN_POINT('',(6.77486234760245,6.2684178368858,11.0066613234908));
#3641=VECTOR('',#3920,1000.0);
#3642=AXIS2_PLACEMENT_3D('',#3921,#3922,#3923);
#3643=CARTESIAN_POINT('',(-0.0251376523975567,13.2684178368858,4.00666132349076));
#3644=CARTESIAN_POINT('',(6.77486234760245,13.2684178368858,4.00666132349076));
#3645=CARTESIAN_POINT('',(6.87486234760245,13.2684178368858,4.00666132349076));
#3646=VECTOR('',#3924,1000.0);
#3647=CARTESIAN_POINT('',(-0.0251376523975571,13.2684178368858,11.0066613234908));
#3648=VECTOR('',#3925,1000.0);
#3649=CARTESIAN_POINT('',(6.77486234760245,13.2684178368858,4.00666132349076));
#3650=VECTOR('',#3926,1000.0);
#3651=CARTESIAN_POINT('',(-0.125137652397555,13.1684178368858,4.00666132349076));
#3652=CARTESIAN_POINT('',(-0.125137652397555,6.3684178368858,4.00666132349076));
#3653=CARTESIAN_POINT('',(-0.125137652397555,23.5179127734975,4.00666132349076));
#3654=VECTOR('',#3927,1000.0);
#3655=CARTESIAN_POINT('',(-0.125137652397555,6.3684178368858,11.0066613234908));
#3656=VECTOR('',#3928,1000.0);
#3657=CARTESIAN_POINT('',(-0.125137652397555,13.1684178368858,4.00666132349076));
#3658=VECTOR('',#3929,1000.0);
#3659=CARTESIAN_POINT('',(6.87486234760245,6.36841783688579,4.00666132349076));
#3660=CARTESIAN_POINT('',(6.87486234760244,6.36841783688579,4.00666132349076));
#3661=VECTOR('',#3930,1000.0);
#3662=CARTESIAN_POINT('',(6.87486234760245,13.1684178368858,4.00666132349076));
#3663=CARTESIAN_POINT('',(6.87486234760245,23.5179127734975,4.00666132349076));
#3664=VECTOR('',#3931,1000.0);
#3665=CARTESIAN_POINT('',(6.87486234760244,13.1684178368858,11.0066613234908));
#3666=VECTOR('',#3932,1000.0);
#3667=CARTESIAN_POINT('',(6.77486234760245,6.2684178368858,4.00666132349076));
#3668=VECTOR('',#3933,1000.0);
#3669=CARTESIAN_POINT('',(-0.0251376523975519,6.2684178368858,4.00666132349076));
#3670=VECTOR('',#3934,1000.0);
#3671=CARTESIAN_POINT('',(-0.125137652397555,13.1684178368858,4.00666132349076));
#3672=VECTOR('',#3935,1000.0);
#3673=CARTESIAN_POINT('',(6.87486234760244,13.1684178368858,4.00666132349076));
#3674=VECTOR('',#3936,1000.0);
#3675=AXIS2_PLACEMENT_3D('',#3937,#3938,#3939);
#3676=CARTESIAN_POINT('',(3.37486234760245,4.8284178368858,7.50666132349076));
#3677=DIRECTION('',(0.0,-1.0,0.0));
#3678=DIRECTION('',(0.0,0.0,-1.0));
#3679=DIRECTION('',(0.0,-1.0,0.0));
#3680=CARTESIAN_POINT('',(3.37486234760245,3.8284178368858,7.50666132349076));
#3681=DIRECTION('',(0.0,1.0,0.0));
#3682=DIRECTION('',(0.0,0.0,1.0));
#3683=DIRECTION('',(0.0,-1.0,0.0));
#3684=DIRECTION('',(0.0,1.0,0.0));
#3685=CARTESIAN_POINT('',(3.37486234760245,-0.3815821631142,7.50666132349076));
#3686=DIRECTION('',(0.0,1.0,0.0));
#3687=DIRECTION('',(0.0,0.0,-1.0));
#3688=DIRECTION('',(0.0,1.0,0.0));
#3689=CARTESIAN_POINT('',(3.37486234760245,4.8284178368858,7.50666132349076));
#3690=DIRECTION('',(0.0,-1.0,0.0));
#3691=DIRECTION('',(0.0,0.0,-1.0));
#3692=CARTESIAN_POINT('',(3.37486234760245,-0.3815821631142,7.50666132349076));
#3693=DIRECTION('',(0.0,1.0,0.0));
#3694=DIRECTION('',(0.0,0.0,-1.0));
#3695=CARTESIAN_POINT('',(3.37486234760245,4.8284178368858,7.50666132349076));
#3696=DIRECTION('',(0.0,-1.0,0.0));
#3697=DIRECTION('',(0.0,0.0,-1.0));
#3698=DIRECTION('',(0.0,1.0,0.0));
#3699=DIRECTION('',(-1.0,0.0,0.0));
#3700=DIRECTION('',(0.0,1.0,0.0));
#3701=DIRECTION('',(1.0,-0.0,-0.0));
#3702=DIRECTION('',(0.0,0.0,1.0));
#3703=DIRECTION('',(0.0,1.0,0.0));
#3704=DIRECTION('',(-0.0,-0.0,-1.0));
#3705=DIRECTION('',(0.0,1.0,0.0));
#3706=DIRECTION('',(1.0,0.0,0.0));
#3707=DIRECTION('',(0.0,1.0,0.0));
#3708=DIRECTION('',(-1.0,-0.0,-0.0));
#3709=DIRECTION('',(0.0,1.0,0.0));
#3710=DIRECTION('',(-1.0,0.0,0.0));
#3711=DIRECTION('',(0.0,1.0,0.0));
#3712=DIRECTION('',(1.0,-0.0,-0.0));
#3713=DIRECTION('',(0.0,1.0,0.0));
#3714=DIRECTION('',(0.0,0.0,-1.0));
#3715=DIRECTION('',(-0.0,-0.0,1.0));
#3716=DIRECTION('',(0.0,1.0,0.0));
#3717=DIRECTION('',(1.0,0.0,0.0));
#3718=DIRECTION('',(0.0,1.0,0.0));
#3719=DIRECTION('',(-1.0,-0.0,-0.0));
#3720=DIRECTION('',(0.0,1.0,0.0));
#3721=DIRECTION('',(0.0,0.0,1.0));
#3722=DIRECTION('',(-0.0,-0.0,-1.0));
#3723=DIRECTION('',(1.0,0.0,0.0));
#3724=DIRECTION('',(0.0,1.0,0.0));
#3725=DIRECTION('',(-1.0,0.0,0.0));
#3726=DIRECTION('',(0.0,-1.0,0.0));
#3727=DIRECTION('',(1.0,-0.0,-0.0));
#3728=DIRECTION('',(0.0,1.0,0.0));
#3729=DIRECTION('',(1.0,0.0,0.0));
#3730=DIRECTION('',(1.0,-0.0,-0.0));
#3731=DIRECTION('',(0.0,-1.0,0.0));
#3732=DIRECTION('',(-1.0,0.0,0.0));
#3733=DIRECTION('',(0.0,0.0,1.0));
#3734=DIRECTION('',(0.0,0.0,-1.0));
#3735=DIRECTION('',(0.0,-1.0,0.0));
#3736=DIRECTION('',(-0.0,-0.0,1.0));
#3737=DIRECTION('',(0.0,0.0,-1.0));
#3738=DIRECTION('',(0.0,1.0,0.0));
#3739=DIRECTION('',(0.0,0.0,1.0));
#3740=DIRECTION('',(0.0,1.0,0.0));
#3741=DIRECTION('',(-0.0,-0.0,1.0));
#3742=DIRECTION('',(-1.0,0.0,0.0));
#3743=DIRECTION('',(0.0,1.0,0.0));
#3744=DIRECTION('',(-1.0,0.0,0.0));
#3745=DIRECTION('',(0.0,0.0,1.0));
#3746=DIRECTION('',(-0.0,-0.0,1.0));
#3747=DIRECTION('',(0.0,-1.0,0.0));
#3748=DIRECTION('',(0.0,0.0,1.0));
#3749=DIRECTION('',(0.0,1.0,0.0));
#3750=DIRECTION('',(-1.0,0.0,0.0));
#3751=DIRECTION('',(-1.0,-0.0,-0.0));
#3752=DIRECTION('',(0.0,-1.0,0.0));
#3753=DIRECTION('',(1.0,0.0,0.0));
#3754=DIRECTION('',(-4.33680868994201E-16,0.0,-1.0));
#3755=DIRECTION('',(0.0,0.0,1.0));
#3756=DIRECTION('',(0.0,-1.0,0.0));
#3757=DIRECTION('',(-0.0,-0.0,-1.0));
#3758=DIRECTION('',(0.0,0.0,-1.0));
#3759=DIRECTION('',(-0.0,-0.0,-1.0));
#3760=DIRECTION('',(0.0,-1.0,0.0));
#3761=DIRECTION('',(0.0,0.0,1.0));
#3762=CARTESIAN_POINT('',(3.37486234760245,4.8284178368858,7.50666132349076));
#3763=DIRECTION('',(0.0,-1.0,0.0));
#3764=DIRECTION('',(0.0,0.0,-1.0));
#3765=CARTESIAN_POINT('',(3.37486234760245,3.8284178368858,7.50666132349076));
#3766=DIRECTION('',(0.0,1.0,0.0));
#3767=DIRECTION('',(0.0,0.0,1.0));
#3768=DIRECTION('',(1.0,0.0,0.0));
#3769=DIRECTION('',(0.0,0.0,1.0));
#3770=DIRECTION('',(-1.0,0.0,0.0));
#3771=DIRECTION('',(0.0,0.0,-1.0));
#3772=DIRECTION('',(1.0,0.0,0.0));
#3773=DIRECTION('',(-0.707106781186547,0.0,0.707106781186547));
#3774=DIRECTION('',(0.0,1.0,0.0));
#3775=DIRECTION('',(-0.707106781186547,-0.0,0.707106781186547));
#3776=DIRECTION('',(0.0,-1.0,0.0));
#3777=DIRECTION('',(-0.0,-0.0,1.0));
#3778=DIRECTION('',(-1.0,-0.0,-0.0));
#3779=DIRECTION('',(-0.707106781186547,0.0,-0.707106781186547));
#3780=DIRECTION('',(0.0,1.0,0.0));
#3781=DIRECTION('',(-0.707106781186547,-0.0,-0.707106781186547));
#3782=DIRECTION('',(0.0,-1.0,0.0));
#3783=DIRECTION('',(0.0,0.0,-1.0));
#3784=DIRECTION('',(-1.0,0.0,1.23908819712629E-16));
#3785=DIRECTION('',(0.0,0.0,1.0));
#3786=DIRECTION('',(0.707106781186547,0.0,0.707106781186547));
#3787=DIRECTION('',(1.0,0.0,-1.23908819712629E-16));
#3788=DIRECTION('',(0.707106781186547,0.0,-0.707106781186547));
#3789=DIRECTION('',(-1.0,-0.0,-0.0));
#3790=DIRECTION('',(-0.0,-0.0,-1.0));
#3791=DIRECTION('',(0.0,1.0,0.0));
#3792=DIRECTION('',(0.707106781186547,-0.0,0.707106781186547));
#3793=DIRECTION('',(0.0,-1.0,0.0));
#3794=DIRECTION('',(1.0,-0.0,-0.0));
#3795=DIRECTION('',(-0.0,-0.0,1.0));
#3796=DIRECTION('',(0.0,1.0,0.0));
#3797=DIRECTION('',(0.707106781186547,-0.0,-0.707106781186547));
#3798=DIRECTION('',(0.0,-1.0,0.0));
#3799=DIRECTION('',(-1.0,-0.0,-0.0));
#3800=DIRECTION('',(-0.0,-0.0,-1.0));
#3801=DIRECTION('',(1.0,-0.0,-0.0));
#3802=DIRECTION('',(0.0,-1.0,0.0));
#3803=CARTESIAN_POINT('',(3.37486234760245,-0.481582163114202,7.50666132349076));
#3804=DIRECTION('',(0.0,-1.0,0.0));
#3805=DIRECTION('',(0.0,0.0,-1.0));
#3806=CARTESIAN_POINT('',(3.37486234760245,-0.481582163114202,7.50666132349076));
#3807=DIRECTION('',(0.0,-1.0,0.0));
#3808=DIRECTION('',(0.0,0.0,-1.0));
#3809=DIRECTION('',(0.0,0.707106781186549,0.707106781186546));
#3810=DIRECTION('',(-8.65956056235491E-17,-0.707106781186549,0.707106781186546));
#3811=CARTESIAN_POINT('',(3.37486234760245,6.2684178368858,7.50666132349076));
#3812=DIRECTION('',(0.0,1.0,0.0));
#3813=DIRECTION('',(0.0,0.0,-1.0));
#3814=DIRECTION('',(-0.0,-1.0,-0.0));
#3815=CARTESIAN_POINT('',(3.37486234760245,5.3284178368858,7.50666132349076));
#3816=DIRECTION('',(0.0,-1.0,0.0));
#3817=DIRECTION('',(0.0,0.0,-1.0));
#3818=DIRECTION('',(-0.0,-1.0,-0.0));
#3819=CARTESIAN_POINT('',(3.37486234760245,9.7684178368858,13.3066613234908));
#3820=DIRECTION('',(0.0,0.0,1.0));
#3821=DIRECTION('',(1.0,0.0,0.0));
#3822=DIRECTION('',(0.0,0.0,1.0));
#3823=CARTESIAN_POINT('',(3.37486234760245,9.7684178368858,14.3066613234908));
#3824=DIRECTION('',(0.0,0.0,1.0));
#3825=DIRECTION('',(1.0,0.0,0.0));
#3826=DIRECTION('',(0.0,0.0,1.0));
#3827=CARTESIAN_POINT('',(3.37486234760245,9.7684178368858,14.3066613234908));
#3828=DIRECTION('',(0.0,0.0,1.0));
#3829=DIRECTION('',(1.0,0.0,0.0));
#3830=DIRECTION('',(0.0,0.0,1.0));
#3831=CARTESIAN_POINT('',(3.37486234760245,9.7684178368858,19.1066613234908));
#3832=DIRECTION('',(0.0,0.0,1.0));
#3833=DIRECTION('',(1.0,0.0,0.0));
#3834=DIRECTION('',(0.0,0.0,1.0));
#3835=CARTESIAN_POINT('',(3.37486234760245,9.7684178368858,11.0066613234908));
#3836=DIRECTION('',(0.0,0.0,-1.0));
#3837=DIRECTION('',(-1.0,0.0,0.0));
#3838=CARTESIAN_POINT('',(6.12486234760244,9.7684178368858,11.1066613234908));
#3839=DIRECTION('',(0.0,1.0,1.51744539447197E-32));
#3840=DIRECTION('',(-1.0,0.0,0.0));
#3841=CARTESIAN_POINT('',(3.37486234760245,9.7684178368858,11.1066613234908));
#3842=DIRECTION('',(0.0,0.0,1.0));
#3843=DIRECTION('',(-1.0,0.0,0.0));
#3844=CARTESIAN_POINT('',(0.624862347602445,9.7684178368858,11.1066613234908));
#3845=DIRECTION('',(0.0,-1.0,0.0));
#3846=DIRECTION('',(0.0,0.0,-1.0));
#3847=CARTESIAN_POINT('',(3.37486234760245,9.7684178368858,18.1066613234908));
#3848=DIRECTION('',(0.0,0.0,1.0));
#3849=DIRECTION('',(1.0,0.0,0.0));
#3850=DIRECTION('',(0.0,0.0,1.0));
#3851=CARTESIAN_POINT('',(3.37486234760245,9.7684178368858,19.1066613234908));
#3852=DIRECTION('',(0.0,0.0,1.0));
#3853=DIRECTION('',(1.0,0.0,0.0));
#3854=DIRECTION('',(0.0,0.0,1.0));
#3855=CARTESIAN_POINT('',(3.37486234760245,9.7684178368858,18.1066613234908));
#3856=DIRECTION('',(0.0,0.0,1.0));
#3857=DIRECTION('',(1.0,0.0,0.0));
#3858=CARTESIAN_POINT('',(3.37486234760245,9.7684178368858,13.1066613234908));
#3859=DIRECTION('',(0.0,0.0,1.0));
#3860=DIRECTION('',(1.0,0.0,0.0));
#3861=DIRECTION('',(0.0,0.0,-1.0));
#3862=CARTESIAN_POINT('',(3.37486234760245,9.7684178368858,11.1066613234908));
#3863=DIRECTION('',(0.0,0.0,1.0));
#3864=DIRECTION('',(-1.0,0.0,0.0));
#3865=DIRECTION('',(0.0,0.0,-1.0));
#3866=DIRECTION('',(0.0,0.0,1.0));
#3867=DIRECTION('',(0.0,0.0,1.0));
#3868=DIRECTION('',(0.0,0.0,1.0));
#3869=DIRECTION('',(0.0,0.0,1.0));
#3870=DIRECTION('',(0.0,0.0,1.0));
#3871=DIRECTION('',(0.0,0.0,1.0));
#3872=DIRECTION('',(0.0,0.0,1.0));
#3873=DIRECTION('',(0.0,0.0,1.0));
#3874=DIRECTION('',(0.0,0.0,1.0));
#3875=DIRECTION('',(0.0,0.0,1.0));
#3876=DIRECTION('',(0.0,0.0,1.0));
#3877=DIRECTION('',(0.0,0.0,1.0));
#3878=DIRECTION('',(0.0,0.0,1.0));
#3879=DIRECTION('',(0.0,0.0,1.0));
#3880=CARTESIAN_POINT('',(3.37486234760245,9.7684178368858,13.1066613234908));
#3881=DIRECTION('',(0.0,0.0,1.0));
#3882=DIRECTION('',(1.0,0.0,0.0));
#3883=CARTESIAN_POINT('',(3.37486234760245,9.7684178368858,18.1066613234908));
#3884=DIRECTION('',(0.0,0.0,1.0));
#3885=DIRECTION('',(1.0,0.0,0.0));
#3886=DIRECTION('',(-1.0,0.0,0.0));
#3887=DIRECTION('',(0.707106781186547,0.707106781186547,-8.76167666676213E-17));
#3888=DIRECTION('',(0.0,-1.0,0.0));
#3889=DIRECTION('',(-0.707106781186547,0.707106781186547,8.76167666676213E-17));
#3890=DIRECTION('',(-1.0,0.0,0.0));
#3891=DIRECTION('',(-0.707106781186547,-0.707106781186547,8.76167666676213E-17));
#3892=DIRECTION('',(0.0,-1.0,0.0));
#3893=DIRECTION('',(0.707106781186547,-0.707106781186547,-8.76167666676213E-17));
#3894=CARTESIAN_POINT('',(3.37486234760245,9.7684178368858,11.0066613234908));
#3895=DIRECTION('',(0.0,0.0,-1.0));
#3896=DIRECTION('',(-1.0,0.0,0.0));
#3897=CARTESIAN_POINT('',(3.37486234760245,9.7684178368858,13.1066613234908));
#3898=DIRECTION('',(0.0,0.0,1.0));
#3899=DIRECTION('',(1.0,0.0,0.0));
#3900=CARTESIAN_POINT('',(3.37486234760245,9.7684178368858,18.1066613234908));
#3901=DIRECTION('',(0.0,0.0,1.0));
#3902=DIRECTION('',(1.0,0.0,0.0));
#3903=CARTESIAN_POINT('',(3.37486234760245,9.7684178368858,19.1066613234908));
#3904=DIRECTION('',(0.0,0.0,1.0));
#3905=DIRECTION('',(1.0,0.0,0.0));
#3906=CARTESIAN_POINT('',(3.37486234760245,9.7684178368858,19.1066613234908));
#3907=DIRECTION('',(0.0,0.0,1.0));
#3908=DIRECTION('',(1.0,0.0,0.0));
#3909=CARTESIAN_POINT('',(3.37486234760245,9.7684178368858,14.3066613234908));
#3910=DIRECTION('',(0.0,0.0,1.0));
#3911=DIRECTION('',(1.0,0.0,0.0));
#3912=CARTESIAN_POINT('',(3.37486234760245,9.7684178368858,14.3066613234908));
#3913=DIRECTION('',(0.0,0.0,1.0));
#3914=DIRECTION('',(1.0,0.0,0.0));
#3915=CARTESIAN_POINT('',(3.37486234760245,9.7684178368858,13.3066613234908));
#3916=DIRECTION('',(0.0,0.0,1.0));
#3917=DIRECTION('',(1.0,0.0,0.0));
#3918=DIRECTION('',(0.0,0.0,-1.0));
#3919=DIRECTION('',(1.0,-0.0,-0.0));
#3920=DIRECTION('',(0.0,0.0,1.0));
#3921=CARTESIAN_POINT('',(3.37486234760245,6.2684178368858,7.50666132349076));
#3922=DIRECTION('',(0.0,1.0,0.0));
#3923=DIRECTION('',(0.0,0.0,-1.0));
#3924=DIRECTION('',(1.0,0.0,0.0));
#3925=DIRECTION('',(0.0,0.0,1.0));
#3926=DIRECTION('',(0.0,0.0,-1.0));
#3927=DIRECTION('',(0.0,-1.0,0.0));
#3928=DIRECTION('',(0.0,0.0,1.0));
#3929=DIRECTION('',(0.0,0.0,-1.0));
#3930=DIRECTION('',(0.0,0.0,-1.0));
#3931=DIRECTION('',(0.0,-1.0,0.0));
#3932=DIRECTION('',(0.0,-0.0,1.0));
#3933=DIRECTION('',(-0.707106781186547,-0.707106781186547,1.08564901448218E-32));
#3934=DIRECTION('',(-0.707106781186547,0.707106781186547,-1.08564901448218E-32));
#3935=DIRECTION('',(0.707106781186547,0.707106781186547,-1.08564901448218E-32));
#3936=DIRECTION('',(0.707106781186547,-0.707106781186547,1.08564901448218E-32));
#3937=CARTESIAN_POINT('',(3.37486234760245,5.3284178368858,7.50666132349076));
#3938=DIRECTION('',(0.0,-1.0,0.0));
#3939=DIRECTION('',(0.0,0.0,-1.0));
ENDSEC;
END-ISO-10303-21;
